track_id,track_name,artist_name,danceability,energy,valence,acousticness,tempo,loudness,popularity
catalog_0,Jazz Track 0,Artist 0,0.9113069251523739,0.2163003984386742,0.7359113279587416,0.7922796710373259,120.24555414650577,-6.709220980785947,82
catalog_1,Rock Track 1,Artist 1,0.04006120600299967,0.36722891401789703,0.6785597567276705,0.6360781996625817,194.28538929598506,-16.378799483541645,80
catalog_2,Country Track 2,Artist 2,0.14887127845368497,0.4005803640667702,0.3384624397872159,0.4698680218171598,90.16219104765275,-12.433340806444015,22
catalog_3,Classical Track 3,Artist 3,0.1805001955275709,0.5091123943707485,0.40350230168792245,0.9193631014502116,198.11963543529768,-11.980756341708936,17
catalog_4,Classical Track 4,Artist 4,0.2443472483763497,0.21181212597945764,0.8817372080159457,0.6929987261200891,166.8734442357107,-9.341013293145897,88
catalog_5,Classical Track 5,Artist 5,0.313353839615086,0.02975356074623925,0.24504773916889844,0.3668458980417917,98.67880887742339,-12.899954001363081,75
catalog_6,Classical Track 6,Artist 6,0.18865657781058243,0.008433890603365413,0.32401283962888117,0.9427841308595306,198.67900851547526,-1.8228070692165304,29
catalog_7,Country Track 7,Artist 7,0.32740791872162966,0.5985019396284095,0.7747462403223703,0.34400538592063024,155.27066095896953,-17.121986056615604,37
catalog_8,Rock Track 8,Artist 8,0.2282559237565931,0.5920160957476802,0.4468752108846169,0.1598058197148421,106.7686063666223,-16.641259885270795,99
catalog_9,R&B Track 9,Artist 9,0.13248610341363065,0.5190764897107579,0.32408652342911215,0.5772256181532812,165.57691704198137,-6.484301850566883,17
catalog_10,Country Track 10,Artist 10,0.28757195597660123,0.17340541675796495,0.4973252684499575,0.8199904338554136,163.65340848993887,-7.567936439705633,78
catalog_11,Pop Track 11,Artist 11,0.9144825768292586,0.2839640714424655,0.18962366249937845,0.2701523385803746,169.84990030743916,-17.178764098584416,89
catalog_12,R&B Track 12,Artist 12,0.3007485935746169,0.3917788013204172,0.7089529100996841,0.944186467133865,60.932258543512866,-4.59667841874349,60
catalog_13,Rock Track 13,Artist 13,0.02082480727348135,0.06301515689987047,0.8632289630682036,0.8705647953324851,100.04376008168148,-0.6900654200343546,4
catalog_14,Jazz Track 14,Artist 14,0.1236071197304559,0.40847813666166377,0.06186348553691545,0.49164398374390483,67.99259289503486,-5.694374019814376,93
catalog_15,Country Track 15,Artist 15,0.9000783634647043,0.9553273497175822,0.5318082289340663,0.43357854803110096,149.62482976338043,-10.104409772153053,13
catalog_16,Pop Track 16,Artist 16,0.5269490090707092,0.788190148019435,0.8014412736296892,0.3698950682143328,80.13366487000401,-2.423848495983087,93
catalog_17,Country Track 17,Artist 17,0.57272871039253,0.6588620467417963,0.42499150974547983,0.11291424330196265,128.49971177721176,-12.431127605645468,55
catalog_18,Electronic Track 18,Artist 18,0.5375465173863985,0.7272676975259756,0.6283886928468034,0.04233700538594065,162.19198735347737,-17.756862369867996,14
catalog_19,Jazz Track 19,Artist 19,0.451978369124723,0.5066397816380462,0.2822272704584825,0.3527592018853617,102.05033905308657,-2.824179347038683,67
catalog_20,Country Track 20,Artist 20,0.767966378498012,0.3967309227587421,0.3837154448952308,0.362485120625742,154.05522703187597,-2.6860038751638093,29
catalog_21,Pop Track 21,Artist 21,0.26253685603925203,0.027684835441539102,0.7453072462757302,0.8263925643555112,62.557240976579074,-1.9456926768022385,85
catalog_22,Classical Track 22,Artist 22,0.5479274203883535,0.2957956509279699,0.9597534099109168,0.0175043331140301,124.98615144033378,-1.753582277177891,30
catalog_23,Hip-Hop Track 23,Artist 23,0.8570411755357138,0.188705045400002,0.3476803785560908,0.8331822174968619,108.5110350649147,-5.421677946466213,35
catalog_24,Hip-Hop Track 24,Artist 24,0.08995194280035956,0.801821603720226,0.21419503439841137,0.9148693084344922,73.28350991133267,-2.394247884368127,80
catalog_25,Country Track 25,Artist 25,0.5727896466926203,0.9127191452173978,0.5456165662992736,0.650970738763282,165.31068657780935,-6.958129286481348,19
catalog_26,Hip-Hop Track 26,Artist 26,0.8399077040402855,0.27680635702870293,0.7895096604385733,0.08117389910691108,188.64731032461458,-2.8978490244448025,69
catalog_27,R&B Track 27,Artist 27,0.8413741697960292,0.027114625178075946,0.7408634566816786,0.6671332412449904,151.7700754905479,-8.296512790692514,86
catalog_28,Jazz Track 28,Artist 28,0.9687527753198546,0.8009682318784471,0.22980276100376762,0.2061116830553571,72.78641523901362,-4.294488615783212,61
catalog_29,Electronic Track 29,Artist 29,0.7653817870401806,0.5409754303238847,0.3706706772470517,0.3784019599059266,156.10486501039253,-13.268479719588782,84
catalog_30,Pop Track 30,Artist 30,0.5603374083653369,0.3311441487844484,0.6334422507271348,0.6540206713048304,126.41989458952844,-13.300056602349288,30
catalog_31,Rock Track 31,Artist 31,0.19539046461841358,0.675973359229428,0.9231887049497387,0.08617779366112455,126.95431475698464,-16.737552898800875,39
catalog_32,Hip-Hop Track 32,Artist 32,0.7674373327197406,0.6825492848916095,0.3947085201945023,0.2770351567907442,79.01868687960221,-4.645372317866627,47
catalog_33,Jazz Track 33,Artist 33,0.048625777241123824,0.29371341011726615,0.095833729220694,0.23407362446474667,181.88100006287738,-13.295344920939836,58
catalog_34,Pop Track 34,Artist 34,0.9767462575555,0.25192333012747936,0.7645872538645789,0.40861633060972824,189.13186600316664,-7.526775829995639,62
catalog_35,Pop Track 35,Artist 35,0.06566377153761549,0.18956012205770845,0.5631539171181104,0.7385842050291866,79.93178365811588,-11.197156145575974,17
catalog_36,R&B Track 36,Artist 36,0.7367865836316383,0.7025983553739112,0.36837997314573045,0.7721514298070378,101.29437297502318,-9.730293486077219,13
catalog_37,Hip-Hop Track 37,Artist 37,0.7690512967958809,0.004907835161421681,0.6245139085391799,0.2165477362944872,157.91847960215568,-17.11076025111073,88
catalog_38,Country Track 38,Artist 38,0.9973471085062311,0.9005524383584387,0.06742334700169783,0.46554008688760395,112.66390433570267,-6.92920620702588,8
catalog_39,Hip-Hop Track 39,Artist 39,0.6152680818269978,0.07876676882663591,0.6556705022521013,0.995855711601854,134.34368299614644,-0.5272200112255234,47
catalog_40,Country Track 40,Artist 40,0.9952351410606677,0.5270909725956342,0.4530149870467147,0.13182451917984161,64.12519043881684,-1.775785997309896,33
catalog_41,Country Track 41,Artist 41,0.09489274426413996,0.9175244568004527,0.9969625174612459,0.8626818408517822,165.2129238880965,-18.190513752586025,69
catalog_42,Electronic Track 42,Artist 42,0.6534590037862164,0.9505935596243917,0.3278303161343349,0.36335834659317967,106.73394187005559,-5.720683236014008,22
catalog_43,R&B Track 43,Artist 43,0.4685893703143047,0.4368816203706489,0.8244099664050618,0.04408533098861611,152.0396721714455,-2.279743541071973,26
catalog_44,Hip-Hop Track 44,Artist 44,0.3450426754076231,0.4520980154342715,0.8244688557500945,0.1035668509077422,92.91591508440254,-12.168874676069734,17
catalog_45,Rock Track 45,Artist 45,0.7011153951547844,0.7514233726287287,0.1277565864054232,0.8528383702383526,113.03472618242293,-15.6670790141642,45
catalog_46,Country Track 46,Artist 46,0.9584255407705544,0.809900552437826,0.634815698761913,0.6543289317721898,94.81635233886584,-9.702113522138486,47
catalog_47,Classical Track 47,Artist 47,0.6558056727244915,0.6865039813738866,0.0919163849319965,0.4547639794972158,111.33943214746498,-19.908704568389098,4
catalog_48,Pop Track 48,Artist 48,0.4918137182087887,0.6571680968924806,0.06640405469177568,0.045002668032293025,152.09385494604822,-3.5923808804683546,28
catalog_49,Jazz Track 49,Artist 49,0.5413919968001021,0.48487652255559943,0.37302950671157475,0.27233626611512773,86.49544274104579,-14.888345446825912,33
catalog_50,Electronic Track 50,Artist 50,0.8548753624616982,0.5241631252606617,0.3635586261465914,0.010602040943763602,186.8918070321701,-18.373914244213672,20
catalog_51,R&B Track 51,Artist 51,0.08808183184728668,0.06700885151344649,0.029746266758710505,0.3265307897098728,136.0462824070355,-3.411105547259673,31
catalog_52,Pop Track 52,Artist 52,0.18009844133197117,0.8353472756522211,0.7914572762877699,0.9024349011915478,118.31139534679818,-1.6753465240684626,79
catalog_53,Pop Track 53,Artist 53,0.29428565096493486,0.3917446092276424,0.6598868912312712,0.6222220465318413,183.19083505643678,-17.142197563197314,44
catalog_54,Electronic Track 54,Artist 54,0.3738014713306619,0.3524477543754523,0.7770017858769029,0.23803289936478955,94.0221517190624,-10.323739608022336,50
catalog_55,Jazz Track 55,Artist 55,0.675131451819661,0.7388097892356954,0.43868472477402753,0.5550772229124427,157.08698833145706,-14.067849818944065,34
catalog_56,Hip-Hop Track 56,Artist 56,0.6090657950487365,0.16063632278025208,0.8565543762879008,0.013951638291237689,113.78737926772638,-7.848188981990473,19
catalog_57,Rock Track 57,Artist 57,0.8249051658027735,0.8067849075594854,0.09745003526583917,0.3899230653672888,84.20954664557675,-4.37768554610696,31
catalog_58,Country Track 58,Artist 58,0.9973181140124332,0.22810248385553256,0.04049272935898163,0.3892521452661387,85.74391707959899,-17.75191536821172,59
catalog_59,Rock Track 59,Artist 59,0.606407478791251,0.2662881921904383,0.8481901383655062,0.44566849610092374,80.3882883511348,-11.468513694499842,1
catalog_60,Country Track 60,Artist 60,0.8752562058388069,0.9122672965342246,0.15795062110876645,0.2812573079768774,193.15748754402347,-13.719726719090344,92
catalog_61,Pop Track 61,Artist 61,0.05244542139322361,0.8440300689304303,0.9964975511221956,0.27328602646302935,169.00445735580763,-12.09591180838377,72
catalog_62,R&B Track 62,Artist 62,0.07436166434129354,0.6249561691438844,0.022500641946007094,0.5414782326974178,152.42833873183002,-11.730214817260654,35
catalog_63,Electronic Track 63,Artist 63,0.17053894708489192,0.9124502800878566,0.12182760729370512,0.9459439316362293,199.92101703186057,-10.04810739893226,2
catalog_64,R&B Track 64,Artist 64,0.4414402109469756,0.7075032923999882,0.3058161691059338,0.1589806403259061,100.67889250027827,-3.3383530805073747,85
catalog_65,Jazz Track 65,Artist 65,0.31708740636199084,0.34489817492169805,0.5704799391859333,0.7166161364219077,98.70043063996454,-2.9069253051579693,79
catalog_66,Classical Track 66,Artist 66,0.19037081258784527,0.98942332648088,0.41640667329580927,0.8310344368085979,197.78974577470078,-14.321085525092926,56
catalog_67,Hip-Hop Track 67,Artist 67,0.5287424057898096,0.3606431420484645,0.01649272265826429,0.46725807572573486,61.968414627801835,-12.086390204490671,22
catalog_68,Hip-Hop Track 68,Artist 68,0.6560777672697338,0.2270211402925476,0.4018739568470522,0.11088719011052872,119.27514445455355,-14.34786965010912,91
catalog_69,Pop Track 69,Artist 69,0.5041141491855398,0.7623973817198485,0.6933181651063638,0.4237457713940864,101.9870919697562,-7.911357428178746,51
catalog_70,Jazz Track 70,Artist 70,0.830691655560749,0.9891136681977558,0.8573674806628931,0.7587484229894877,196.1148237618147,-18.781266357661398,16
catalog_71,Electronic Track 71,Artist 71,0.8689184942141187,0.8712045131532785,0.240173123194798,0.5618892489701209,118.46754085425803,-18.19413665064513,37
catalog_72,R&B Track 72,Artist 72,0.7811766662072777,0.8726550943891089,0.13573623934673051,0.780752059582311,136.1431266647469,-7.803568618962235,15
catalog_73,Electronic Track 73,Artist 73,0.12123931853707381,0.4163887808568595,0.23451150785389052,0.749931403340518,99.60540697530632,-13.53507856945466,65
catalog_74,Rock Track 74,Artist 74,0.8582981890796998,0.08923815503384114,0.4899175379155668,0.6081646595130175,131.78907409950153,-1.3008183781189508,21
catalog_75,Country Track 75,Artist 75,0.9240138475533214,0.330295514803579,0.4631811279884174,0.6136891448337513,155.9152593904966,-4.848424082141028,12
catalog_76,Electronic Track 76,Artist 76,0.4864854438983577,0.02023213666839363,0.3993835647383386,0.16811095965118106,120.45064962744826,-3.221125958311113,9
catalog_77,Country Track 77,Artist 77,0.1514115072937865,0.3610667114890108,0.6948496631816614,0.9524448681184117,95.25139621601375,-14.278621261393331,5
catalog_78,Jazz Track 78,Artist 78,0.4303606644831032,0.010223171249949536,0.6446622732164367,0.45310298690420114,145.67896110623997,-7.345197283880889,41
catalog_79,Country Track 79,Artist 79,0.48526014254823746,0.18082110932697315,0.2707883732940439,0.14807685691085892,193.51355891696753,-14.640880341000369,43
catalog_80,Jazz Track 80,Artist 80,0.37547534786411996,0.30997830672563365,0.922524066184124,0.9993566805592596,100.31327778948304,-5.545801017200098,19
catalog_81,Country Track 81,Artist 81,0.4603672874083591,0.07527318378054282,0.8092891973338192,0.6876673680717027,77.84473011463933,-16.705841686380857,20
catalog_82,Country Track 82,Artist 82,0.39656105267619157,0.8445288044709579,0.19483700597436582,0.8338563721890263,105.43429842359595,-2.0998938675523746,60
catalog_83,Country Track 83,Artist 83,0.6272969466881778,0.6624110101819871,0.12992760881802512,0.9063505882450174,167.8000865672796,-7.117975392264036,20
catalog_84,Jazz Track 84,Artist 84,0.5935630069376108,0.23244388458164478,0.06964821113864472,0.3330195569470936,71.00134118828475,-11.461804642584756,66
catalog_85,Hip-Hop Track 85,Artist 85,0.7350782029443974,0.30885936092431066,0.12323203392290583,0.6601652753496333,64.87463303127208,-0.3735394346917751,20
catalog_86,Classical Track 86,Artist 86,0.9106672821774108,0.20354484823843555,0.22695027687689173,0.22744698365544702,126.26937378233079,-18.201807690922486,11
catalog_87,Country Track 87,Artist 87,0.2551335180185935,0.08884409053269049,0.43903490532881884,0.1981944376715934,193.6975838434536,-7.260620001981433,84
catalog_88,Electronic Track 88,Artist 88,0.6767458936700651,0.2889111518323648,0.6929832366389915,0.6116432782173186,83.83765598027111,-11.067774967032108,74
catalog_89,Pop Track 89,Artist 89,0.8611958447306716,0.5751190592879418,0.6474408913464705,0.10312650789816358,93.52010388111682,-16.959895375456323,17
catalog_90,Rock Track 90,Artist 90,0.9659753276422013,0.4795545269203828,0.5032621242721351,0.6992800173419903,146.19216682596758,-8.027899128538564,6
catalog_91,Hip-Hop Track 91,Artist 91,0.3873483075322177,0.36207514131704177,0.4191652037090394,0.9584614638046037,132.2626861400159,-2.050801337766849,93
catalog_92,Hip-Hop Track 92,Artist 92,0.1041663714122868,0.7872566079328764,0.7643308086977151,0.7540366766870998,137.98516638386812,-2.645829022906632,36
catalog_93,Pop Track 93,Artist 93,0.14250764507923563,0.4321454650248716,0.03722385572238718,0.933474226466793,61.12501294529273,-14.31199436533803,51
catalog_94,Hip-Hop Track 94,Artist 94,0.23664245882431656,0.27970193822060196,0.5392303281056956,0.14461779662209207,176.4595134022603,-12.291758599347649,73
catalog_95,Hip-Hop Track 95,Artist 95,0.28102521119968527,0.3090792886380376,0.6127916042317214,0.7454216188407933,141.9902065132983,-9.890759596955334,98
catalog_96,Electronic Track 96,Artist 96,0.5832323928785053,0.6250427087568289,0.13021366656024225,0.5187626144584742,136.53804272845747,-3.866676763371469,61
catalog_97,Rock Track 97,Artist 97,0.15780834084687545,0.7020876925972082,0.11018521926254299,0.8556848318959012,186.1499042769593,-18.824308586233116,21
catalog_98,Rock Track 98,Artist 98,0.7207214408848364,0.14760624960313895,0.7192424376143758,0.2208240009123097,95.34683057065894,-6.265861784317728,23
catalog_99,Rock Track 99,Artist 99,0.15753535084138404,0.6985753063218589,0.8720580161529727,0.35921667359427323,193.8913978549071,-18.61810467992383,91
catalog_100,Country Track 100,Artist 0,0.8644289980393823,0.20121042501792186,0.3703450079846269,0.7030220910635803,97.46787263123778,-16.591593456949155,81
catalog_101,Country Track 101,Artist 1,0.5595740109402977,0.12929653258688933,0.6492268740359086,0.6542204499382912,148.28998480343444,-6.748699046267673,85
catalog_102,Hip-Hop Track 102,Artist 2,0.20125131621836567,0.8357782372223787,0.9115028697504753,0.591541737545445,152.5874526020798,-2.3269658762570273,73
catalog_103,Electronic Track 103,Artist 3,0.3627294745464025,0.07566452131891921,0.5075477873205982,0.9709498956359216,188.1383696291251,-18.451361752489625,58
catalog_104,Electronic Track 104,Artist 4,0.2683444300021729,0.052490371512731615,0.06105325292967456,0.2384419799040035,123.55093397085813,-11.158726706578472,80
catalog_105,Rock Track 105,Artist 5,0.397258544868597,0.5072311818151936,0.4398421440935256,0.8991855561302002,134.49331519225794,-18.908975899990292,12
catalog_106,Jazz Track 106,Artist 6,0.03331597772421502,0.7829862820639082,0.12775641349747435,0.5099713558852315,115.19025330424658,-12.963474829641976,41
catalog_107,Hip-Hop Track 107,Artist 7,0.969150426655934,0.768108650774306,0.9223461251339915,0.6103816377062875,138.99235721117566,-11.83854804296688,81
catalog_108,Hip-Hop Track 108,Artist 8,0.12646476271171248,0.4648443370151447,0.6492829432899396,0.4475062531287576,68.6293198631331,-17.854780521664814,53
catalog_109,Jazz Track 109,Artist 9,0.57526416872643,0.09812945917594784,0.5252953615999858,0.8842883823517834,111.32558953464726,-7.572968515823273,38
catalog_110,Jazz Track 110,Artist 10,0.892584836743986,0.7727297852945015,0.20482797320760626,0.07395331804653049,165.50109821522653,-9.359555418719442,31
catalog_111,Rock Track 111,Artist 11,0.1719456558362823,0.1644902945357789,0.4276803149457318,0.2831626782446779,132.5691842094659,-19.164194173254284,98
catalog_112,R&B Track 112,Artist 12,0.42135016784200374,0.9363928748981071,0.6559843929468435,0.5751425962770484,72.88346081303838,-2.6236922501024225,77
catalog_113,Country Track 113,Artist 13,0.988809053808409,0.8280657927702184,0.6441714048646281,0.49444187584665056,167.60073509416065,-12.622781301072534,44
catalog_114,Country Track 114,Artist 14,0.21645822097600187,0.5649014019598408,0.27226075262693306,0.9851839451022145,78.65199324414533,-3.1445678994236737,1
catalog_115,Jazz Track 115,Artist 15,0.3678588819594141,0.4942054450530112,0.9644922609689832,0.2476685043763791,147.01401310083125,-11.943895725266795,82
catalog_116,Country Track 116,Artist 16,0.9496686737851984,0.19125784246178212,0.73610075008424,0.7063140310378078,88.74297096591638,-8.64994277610152,36
catalog_117,Pop Track 117,Artist 17,0.7792315510571813,0.9736546614242295,0.6640059840671755,0.7529208178695125,163.91268451749687,-2.9997177956923053,53
catalog_118,Classical Track 118,Artist 18,0.536123433445413,0.49154973451907547,0.2773580657709257,0.004053186539592746,133.94876814163777,-12.764982867466287,81
catalog_119,Electronic Track 119,Artist 19,0.16911058812209523,0.659788700505023,0.8879402455520424,0.6024271661903972,170.61025304084558,-17.463520120569854,49
catalog_120,Hip-Hop Track 120,Artist 20,0.880199567052841,0.8531193564058858,0.9284913411930811,0.5026466978751883,125.88416878600147,-13.054499624588747,18
catalog_121,R&B Track 121,Artist 21,0.05096090838052758,0.05302238170837292,0.7672077484910068,0.8007175388314212,168.08188771420453,-13.272129681070934,23
catalog_122,Jazz Track 122,Artist 22,0.33739913213641104,0.4332701568061591,0.5398925279220131,0.26963116341908444,116.03772445624853,-12.790051298190935,37
catalog_123,Jazz Track 123,Artist 23,0.4585611963311661,0.6188856605139742,0.6319244152410343,0.05775910849065369,98.95644444158606,-0.4758199592607113,1
catalog_124,Country Track 124,Artist 24,0.34033237943626304,0.7331069792197863,0.3259817473942562,0.3372211757239846,187.05688442025064,-16.16044649934679,95
catalog_125,Electronic Track 125,Artist 25,0.985278830047024,0.6420586439812703,0.6574801304307853,0.1578378774310205,193.8770515662662,-0.6824354193955209,92
catalog_126,Pop Track 126,Artist 26,0.8527105199588475,0.2933406722417681,0.8953508328060006,0.9034518230679918,102.83357478914402,-14.626006857338641,92
catalog_127,Pop Track 127,Artist 27,0.6177145580027816,0.19796108830019143,0.917948326254289,0.23974700553755202,114.39108709062259,-2.2861882474162734,19
catalog_128,Pop Track 128,Artist 28,0.04640094255226179,0.8432438994542446,0.46431068575068357,0.2939070070827573,104.34772119242142,-16.823200683730217,29
catalog_129,Classical Track 129,Artist 29,0.7322128279098983,0.8097686004131308,0.7674889383861605,0.5255421951979282,160.32981318856673,-3.80436591284122,80
catalog_130,Hip-Hop Track 130,Artist 30,0.0597546885225726,0.0979495697198941,0.48760669832398285,0.5542490227150766,145.2860187709638,-6.490142905160436,20
catalog_131,Country Track 131,Artist 31,0.5182609917937206,0.6501616741066875,0.9882116407899261,0.8009332540835779,98.69759844948076,-9.005580119167892,2
catalog_132,Rock Track 132,Artist 32,0.6863134410150097,0.4946454067058653,0.5224145486134364,0.8784660654729335,92.94149469265858,-0.25200488142144906,44
catalog_133,Electronic Track 133,Artist 33,0.25338365956892894,0.08183515147862974,0.7375957010826752,0.8464408181720374,169.546361664441,-18.311948523064334,32
catalog_134,Rock Track 134,Artist 34,0.33554735319354545,0.0038239763500359514,0.9979684342007145,0.0632679039926205,189.38569917294592,-10.772256707838945,36
catalog_135,Classical Track 135,Artist 35,0.487977695196836,0.009975502600314767,0.17053011411369468,0.8598597655495336,68.49303514703728,-17.25400117401314,69
catalog_136,R&B Track 136,Artist 36,0.7025977330379999,0.653794661860889,0.19781641557374896,0.9871862744556058,60.37118880029289,-11.54124919462648,27
catalog_137,R&B Track 137,Artist 37,0.22701751596940867,0.5577057438685101,0.591490459538587,0.05116897338816051,71.67439587470099,-14.4724864893622,44
catalog_138,Jazz Track 138,Artist 38,0.25324306225355786,0.6122266902283924,0.10125048773041245,0.7945578685727176,168.58452328097096,-13.42508897353838,26
catalog_139,R&B Track 139,Artist 39,0.15459888524253462,0.9728192236170493,0.5802010865632792,0.4020917545478764,119.80686817918107,-14.610957342245037,58
catalog_140,Electronic Track 140,Artist 40,0.551053065992423,0.9394600491862721,0.22030703970387033,0.9046773103846918,152.55775817404125,-10.241008279560964,97
catalog_141,R&B Track 141,Artist 41,0.42980565215411415,0.49267826873808707,0.21248362518121455,0.6456934887347376,197.21302557160294,-18.410752954130334,99
catalog_142,R&B Track 142,Artist 42,0.8024621650749704,0.34390849069399054,0.850243890227326,0.04311638365059067,85.50334847411092,-13.991047630629614,80
catalog_143,Pop Track 143,Artist 43,0.9815900837070295,0.29550360290212563,0.4677887087759487,0.056114613359319665,124.97473374928927,-5.278013850065879,33
catalog_144,R&B Track 144,Artist 44,0.47299895625594135,0.01683580890967873,0.4972296055070401,0.5953759985105661,72.64297805434751,-10.267535316148136,89
catalog_145,Jazz Track 145,Artist 45,0.36164458615839157,0.013444497272313116,0.3367228857395165,0.7597928754919301,104.5650158605315,-0.6546800107881765,67
catalog_146,Pop Track 146,Artist 46,0.9104753121611519,0.9613218497172182,0.14060776006847586,0.6680217593258423,83.69994850847974,-8.988390080315245,62
catalog_147,Classical Track 147,Artist 47,0.5471710891191364,0.5441806707874486,0.7806789764837302,0.62941894716233,93.79180853256275,-14.932511342045515,20
catalog_148,Hip-Hop Track 148,Artist 48,0.354975777183965,0.021615281932569674,0.2374258727457781,0.3616243355807629,164.23552973600823,-6.621655347718622,55
catalog_149,Hip-Hop Track 149,Artist 49,0.9903153098734333,0.2509671344195906,0.5139257048384045,0.006361738780057524,154.2839581664506,-7.55904740544093,2
catalog_150,Rock Track 150,Artist 50,0.7770226705559775,0.317239915764166,0.7073288282761784,0.8570911502644324,72.82728795635927,-12.395224967548318,22
catalog_151,Hip-Hop Track 151,Artist 51,0.94063023379544,0.09603597398986785,0.9938398907489844,0.6221551307664449,152.6760828397359,-9.257687820374315,88
catalog_152,Hip-Hop Track 152,Artist 52,0.9883410590677701,0.9050830983714868,0.4348909786679922,0.4194315892801025,85.27050808196928,-12.89351820313431,26
catalog_153,Jazz Track 153,Artist 53,0.02174578483663825,0.08544500825038992,0.25678824021776037,0.6981152709781429,114.00067516946059,-8.685771960450895,37
catalog_154,R&B Track 154,Artist 54,0.3197848394411267,0.07780073006277133,0.2811784821608625,0.8047319466835217,76.05905509084677,-7.565811256747812,51
catalog_155,R&B Track 155,Artist 55,0.7885705483560396,0.2727559866749417,0.6753364398553964,0.5657683221657138,126.6982398989853,-14.433021089051994,94
catalog_156,Classical Track 156,Artist 56,0.24979466848713983,0.05461171915936469,0.18238655173595564,0.04844223861375119,192.03687947693527,-16.589602130472663,81
catalog_157,R&B Track 157,Artist 57,0.627438749232583,0.01459978526901795,0.012519943968687386,0.5575468806746159,102.98048162320683,-15.023156390659532,42
catalog_158,Classical Track 158,Artist 58,0.8600570419322786,0.957057097522165,0.3323265304356251,0.09136505125802052,60.94366409641188,-14.80807287952323,2
catalog_159,Classical Track 159,Artist 59,0.992322821062859,0.8544224540708697,0.8610157768452389,0.5661533694214935,105.61871005756521,-10.177511220584815,12
catalog_160,Country Track 160,Artist 60,0.8657678447287784,0.8588840345258494,0.689956369099094,0.3998433991623236,128.62243362917587,-16.570519021814903,20
catalog_161,Country Track 161,Artist 61,0.9913417033831365,0.5195117175239283,0.4970799876213349,0.9401537057387819,194.71768671197907,-0.7771963032016558,54
catalog_162,Rock Track 162,Artist 62,0.19714114485263956,0.6671992440930367,0.8611911253873925,0.5645192005092372,113.34962657656546,-19.81951118486117,61
catalog_163,R&B Track 163,Artist 63,0.6512915748893088,0.5327960621944214,0.849295574921212,0.025433067442622304,157.00552984292798,-3.4000825673549855,49
catalog_164,Country Track 164,Artist 64,0.49453959335096553,0.4896437122055398,0.9461757753332082,0.1358514262866728,103.18956357215927,-7.1135364635635145,84
catalog_165,Pop Track 165,Artist 65,0.22599843237833783,0.7398904765079565,0.3037135294732005,0.9444277039818108,184.56601875752654,-16.612280022986322,57
catalog_166,Classical Track 166,Artist 66,0.7126596426527975,0.20283104511466543,0.6251881977738619,0.07500428090438849,184.95225851170284,-7.566484278137082,88
catalog_167,Country Track 167,Artist 67,0.39429018109792036,0.34857197167992027,0.031391809183975994,0.32428430151654875,182.18740639353288,-4.028886147629665,36
catalog_168,Electronic Track 168,Artist 68,0.18309855102590689,0.002142689875028636,0.9772700006885876,0.8811876424829582,61.10671094107157,-14.51961473402848,61
catalog_169,Rock Track 169,Artist 69,0.3599002583287879,0.5958238130228258,0.7521972376352726,0.05489793460647319,180.84135634445965,-17.707177601146597,12
catalog_170,Hip-Hop Track 170,Artist 70,0.9826807143504529,4.7509829890990396e-05,0.6320287881356157,0.288545913887999,191.69032411807822,-16.15573382377697,29
catalog_171,Country Track 171,Artist 71,0.758629529822835,0.5984090454932695,0.3536561153844805,0.8085707253761294,179.7250389803758,-17.73910877503709,70
catalog_172,Rock Track 172,Artist 72,0.0825753656046665,0.2794264488146436,0.12064361182553496,0.8963686214072094,102.17359904905705,-8.809269246307569,23
catalog_173,Classical Track 173,Artist 73,0.20669628516418126,0.3944969170965966,0.19459303452327903,0.0756720814966485,134.3288470409121,-1.1801962693210335,95
catalog_174,Pop Track 174,Artist 74,0.12838165135600665,0.18451172585005393,0.024341464206792618,0.36974206007065047,182.06313399800894,-9.497302207170046,15
catalog_175,Hip-Hop Track 175,Artist 75,0.5275557727231159,0.8406586871142644,0.29649068191284833,0.6819453073711058,143.95900695552052,-2.0114495426451775,36
catalog_176,Country Track 176,Artist 76,0.5750784617418586,0.04145975646430877,0.7466966663727939,0.8693022153218583,174.5346121143626,-0.21728577038650343,11
catalog_177,Classical Track 177,Artist 77,0.15633475122102825,0.9418696159001356,0.32378239049651236,0.20491311217145725,135.889144507882,-10.877271637138842,89
catalog_178,Country Track 178,Artist 78,0.28346643702864904,0.5555966137330425,0.3424156732882552,0.09574843898861696,132.2262620579811,-3.7119484382502748,25
catalog_179,R&B Track 179,Artist 79,0.6995676635926489,0.08577167880276848,0.9367582969731459,0.2880680475825055,94.26725431958883,-19.648586110397307,3
catalog_180,Country Track 180,Artist 80,0.4512430902347915,0.3334686185158039,0.26759017077036207,0.5409415720496183,97.71785809949485,-11.838752797477412,81
catalog_181,Jazz Track 181,Artist 81,0.3573571928851277,0.5215274471664655,0.025122721072585286,0.8703257058701396,62.86076825506098,-0.273907168812201,31
catalog_182,Electronic Track 182,Artist 82,0.7055693814144863,0.9492392438750057,0.35543751906060805,0.6230584003048077,107.4863003802694,-0.9599947083641638,37
catalog_183,Country Track 183,Artist 83,0.2808402831731561,0.7095654984753639,0.9781868790227247,0.4409106439653977,197.8125668349096,-13.15255319954711,90
catalog_184,Classical Track 184,Artist 84,0.1655629458525506,0.3797313018382892,0.36046703476771547,0.0007841989987154019,66.75187982837403,-12.477976073050996,44
catalog_185,Country Track 185,Artist 85,0.8532246455554365,0.6840834847930821,0.47550670522279115,0.03505979644808743,184.63232872284263,-3.58323977253319,62
catalog_186,Pop Track 186,Artist 86,0.5230248945822743,0.6576802802280166,0.15309252382656435,0.4947225506865627,114.22202701166219,-0.49021915784067005,19
catalog_187,Jazz Track 187,Artist 87,0.7338267485438599,0.6142158227635105,0.03540013973530465,0.040634362426765325,62.58952626689897,-2.418172426133893,36
catalog_188,Hip-Hop Track 188,Artist 88,0.8499055700535109,0.9362698768548342,0.896536461906265,0.8999827002214252,169.84954817798098,-13.721795043129966,23
catalog_189,Pop Track 189,Artist 89,0.12346679666286942,0.3602563870994251,0.29268763809324794,0.2590585307440709,87.00070657522608,-13.535065323970123,15
catalog_190,R&B Track 190,Artist 90,0.935195259186234,0.8561498622586884,0.7350357807759202,0.2920560959620042,89.5622338277239,-6.246077957422136,28
catalog_191,Jazz Track 191,Artist 91,0.3961728059349586,0.5359704848565966,0.5660849068237757,0.6766879949432641,186.24245762615695,-18.313984433244233,74
catalog_192,R&B Track 192,Artist 92,0.2895290760466367,0.8711824823332376,0.15350002613534042,0.5363875401538298,198.1943107852633,-19.261884578457945,40
catalog_193,Pop Track 193,Artist 93,0.437247349772823,0.2792487905341232,0.044253029455433746,0.7885537165786323,151.50849072364966,-5.801257294680299,78
catalog_194,Hip-Hop Track 194,Artist 94,0.45626837492561867,0.09637297261714883,0.018505736988296606,0.17441382005204853,124.82408164945186,-17.141078536020675,33
catalog_195,Electronic Track 195,Artist 95,0.8472252538766847,0.5099239043036362,0.37453415956211566,0.6144109710538451,135.35176212675674,-7.716508665862229,67
catalog_196,Rock Track 196,Artist 96,0.3223915375270634,0.4173295817539907,0.5747248858291745,0.7216750721595255,80.26257919056137,-7.896289366487357,93
catalog_197,Rock Track 197,Artist 97,0.2197115079605595,0.8407103423246449,0.8664411367679631,0.35270585500761287,79.89679394770224,-4.89648604100964,47
catalog_198,Jazz Track 198,Artist 98,0.8186642440636303,0.482400465813245,0.4278810151951731,0.8115859807150793,123.90303600547259,-11.667452097436893,54
catalog_199,Rock Track 199,Artist 99,0.2097723768066979,0.2717032191303308,0.5589953826582389,0.4034467406672336,100.15046319102797,-16.349249748371374,88
catalog_200,Pop Track 200,Artist 0,0.7169608491892555,0.5181516202937407,0.0269186296652425,0.1642727574020717,162.73096229007598,-1.2092092617776409,90
catalog_201,Pop Track 201,Artist 1,0.10637614635400594,0.08572451743089793,0.5765822869290429,0.9905707435285388,132.74835056732627,-10.314426254760953,79
catalog_202,Electronic Track 202,Artist 2,0.5595799080168821,0.9999688229274797,0.20103623402498627,0.15230597750078723,93.88019528735465,-15.167049863206547,6
catalog_203,Jazz Track 203,Artist 3,0.23323752224442418,0.9807328283103108,0.12120271267222982,0.20944254520908745,116.46743882882453,-18.4212049001749,26
catalog_204,Hip-Hop Track 204,Artist 4,0.057467814854510024,0.3422365006083129,0.28635154884698244,0.40610533464967635,121.84846997633205,-0.12198659056576489,75
catalog_205,Rock Track 205,Artist 5,0.5909895437274689,0.29578948119590087,0.4804960554182188,0.35177141925144395,100.33360026635364,-14.391651481283708,2
catalog_206,Jazz Track 206,Artist 6,0.024593900377857025,0.4768011311216206,0.6934003707038761,0.9775005370462319,79.70205554643637,-3.3241235517442576,60
catalog_207,Rock Track 207,Artist 7,0.6282828725163775,0.09153573231502998,0.6163958367336555,0.29958114046690487,169.7550707619,-19.899086397142792,73
catalog_208,Pop Track 208,Artist 8,0.5284205814880077,0.6579676325988346,0.08701709552768389,0.8407551199239989,183.52320238604935,-17.478452535846188,27
catalog_209,R&B Track 209,Artist 9,0.9489449165938895,0.4288852903959025,0.9710073306325275,0.4290084970095358,157.6581086585855,-10.748721052928483,88
catalog_210,Classical Track 210,Artist 10,0.7988963379504479,0.43404825962791826,0.9961138436568983,0.7838093880668187,145.0207116843374,-14.877348105166613,97
catalog_211,Classical Track 211,Artist 11,0.7148729691208124,0.6168620645818691,0.5907072448991249,0.1862739136770779,76.29894840412948,-9.149591251559634,40
catalog_212,Rock Track 212,Artist 12,0.2524305660017968,0.6249889329270355,0.7647252169463733,0.7641017241428921,93.90133857041195,-7.8481744043820925,66
catalog_213,Jazz Track 213,Artist 13,0.6776470676362729,0.5431406174899487,0.5985988876931169,0.027508336673425005,79.41386715803515,-4.537242947349739,44
catalog_214,Jazz Track 214,Artist 14,0.806065633200119,0.8875405230735991,0.8556521973697861,0.5809328955857541,197.50974022870142,-16.5065747048196,91
catalog_215,Jazz Track 215,Artist 15,0.8145053944205672,0.06700375933619251,0.8764839853886017,0.061340448369901046,170.77822156595062,-9.33033339486643,32
catalog_216,Pop Track 216,Artist 16,0.5101512688687145,0.9855409807731927,0.6191694889227838,0.8967745417996187,99.11506935171778,-4.440867550477661,66
catalog_217,Rock Track 217,Artist 17,0.7235001159451793,0.4962482669506789,0.045953436104933854,0.8077285757770191,96.21323182856608,-0.45652536459353144,39
catalog_218,R&B Track 218,Artist 18,0.7031391257393496,0.9923069154549629,0.8318209366963583,0.9686916645773096,96.63644848427325,-3.1360359944604923,9
catalog_219,Pop Track 219,Artist 19,0.3896373155605384,0.7161627159386531,0.25614261314063347,0.6871199536226686,82.50099908250647,-11.620132960475573,8
catalog_220,Rock Track 220,Artist 20,0.43937868949575376,0.7895316020119097,0.20369708213218607,0.9372102495276516,155.91664185645385,-3.76097252378608,70
catalog_221,Country Track 221,Artist 21,0.9997637701999451,0.035420110840637564,0.045384210366534505,0.024730416312410464,192.1360272325405,-8.900472419704341,60
catalog_222,Hip-Hop Track 222,Artist 22,0.18009125404152626,0.6842570454906914,0.7346703383330535,0.1430672060902527,180.3312791639706,-11.497008106405817,85
catalog_223,Rock Track 223,Artist 23,0.8911822927371352,0.6029004389742056,0.22494644883311632,0.10534145147012997,176.81055110534282,-14.684539115719499,5
catalog_224,R&B Track 224,Artist 24,0.17389505057518628,0.4917935828403748,0.5990864975285641,0.9553176971075781,146.84801467544582,-5.017295000461113,67
catalog_225,Rock Track 225,Artist 25,0.8039920398932537,0.6681663488874449,0.9363128612841887,0.7400391393038266,138.9064646500497,-2.6396409203541644,60
catalog_226,R&B Track 226,Artist 26,0.3678034655338971,0.5346122127147803,0.915516255222945,0.9418981500417494,110.01026499496638,-12.264871999215236,66
catalog_227,Electronic Track 227,Artist 27,0.30846146939563734,0.03621719642181198,0.6351878184125894,0.4208229074257882,186.7835796239396,-11.200453033372977,10
catalog_228,Country Track 228,Artist 28,0.710654559479284,0.6751598408262612,0.6047683382269207,0.748726147530145,147.60837447573647,-14.933636594965554,51
catalog_229,R&B Track 229,Artist 29,0.4632491135305058,0.2978505785650315,0.2164080701480825,0.36982984806108654,123.28932916362018,-17.772312039153626,77
catalog_230,Pop Track 230,Artist 30,0.20236904118319332,0.030625313424799794,0.2339029180815554,0.13156354293546224,162.30466437304358,-18.676122307943825,70
catalog_231,Pop Track 231,Artist 31,0.486817277200008,0.23205156992271603,0.29644120779626926,0.8389765447799484,67.32629050716196,-12.023711716917804,93
catalog_232,Hip-Hop Track 232,Artist 32,0.8886847225657922,0.7019984170848026,0.07342840806988882,0.4747918842273766,108.78427106948388,-4.013576171526944,42
catalog_233,Hip-Hop Track 233,Artist 33,0.7337090138374743,0.5684554414004835,0.9718841519999023,0.7315391792004079,195.15923249862294,-6.2819207083443835,63
catalog_234,Jazz Track 234,Artist 34,0.3557923141774758,0.6008186093745626,0.2505314342040199,0.7202814743767525,98.03655255147692,-12.769564419066368,97
catalog_235,Jazz Track 235,Artist 35,0.12195682048706091,0.7427905499337578,0.3294808591443682,0.8681863661786418,139.85067587479045,-5.095637733459434,15
catalog_236,Classical Track 236,Artist 36,0.4869702613770136,0.9725969788728732,0.2303616198145143,0.612467766472901,128.23915297575462,-7.571274981385262,62
catalog_237,Electronic Track 237,Artist 37,0.45475667138045306,0.46011828353819084,0.7914366798234053,0.8397202140901923,113.82639990339797,-5.446500191119711,8
catalog_238,R&B Track 238,Artist 38,0.0928977813335472,0.2080257488957269,0.5922350548063501,0.6244257106436972,151.84197903325298,-11.540465232951258,80
catalog_239,Country Track 239,Artist 39,0.04110602078021919,0.20931724239330585,0.007574343995281008,0.15906987036159959,183.8093049996254,-1.6722681137939759,67
catalog_240,Jazz Track 240,Artist 40,0.5397874946904985,0.3435218961994434,0.6797730850435996,0.7751625463593258,172.43665597758675,-14.751379242981864,3
catalog_241,Electronic Track 241,Artist 41,0.8120321831722903,0.5302298969841532,0.46656029196085036,0.0494873872033994,90.04677699907859,-0.07202775006390283,15
catalog_242,Jazz Track 242,Artist 42,0.2598514544144863,0.8593968433222386,0.6479453850562934,0.8882941026882901,102.04883184490583,-13.193714252116319,41
catalog_243,Jazz Track 243,Artist 43,0.8557320843238995,0.9718982760852494,0.2067481875295467,0.17487266270544388,153.92488801559193,-18.52972408171069,41
catalog_244,Hip-Hop Track 244,Artist 44,0.7204380963513894,0.7096960414839214,0.6019808139592795,0.36930694329155134,174.3925883078025,-8.741301340728814,72
catalog_245,Rock Track 245,Artist 45,0.558936054197975,0.2738719676060868,0.25160244680888466,0.0489121790947723,61.29599287655796,-12.427414224603686,82
catalog_246,Pop Track 246,Artist 46,0.3146094906585444,0.6607195549166057,0.344445292007583,0.21622523845423114,188.2892843937127,-8.527043108353649,0
catalog_247,Pop Track 247,Artist 47,0.6544962533730199,0.6426901253825014,0.4303327152874269,0.6627472121415874,149.720374683555,-19.214910088527983,2
catalog_248,Electronic Track 248,Artist 48,0.6262304636757708,0.24935886543556107,0.8713902774720667,0.8539172054819534,125.78557053149406,-5.484184072377056,90
catalog_249,Hip-Hop Track 249,Artist 49,0.6354396385692059,0.47941745075892506,0.4173381623840725,0.853820817274934,110.55526145688943,-11.583643545096159,1
catalog_250,Jazz Track 250,Artist 50,0.9758090256218193,0.5857477447120327,0.3398059938947934,0.46958458050164587,118.80155644639868,-7.48990382580876,23
catalog_251,Classical Track 251,Artist 51,0.09071082506862405,0.37751106516635746,0.884862093911962,0.5965930078597509,67.07761012708592,-10.33767501500254,12
catalog_252,Rock Track 252,Artist 52,0.39107090487666873,0.7596319384014221,0.7804319276343389,0.8117777618493898,92.80545475796828,-8.272013649086421,77
catalog_253,Hip-Hop Track 253,Artist 53,0.32119463576054885,0.19241187519246405,0.27832185972096934,0.7574776698500693,195.11436602866834,-4.908290935652097,85
catalog_254,Electronic Track 254,Artist 54,0.38952338760007765,0.8436110669272717,0.16455234011297148,0.3388781119414309,149.15040538881328,-0.09802500452213181,76
catalog_255,Pop Track 255,Artist 55,0.6392127943999331,0.3083584792935875,0.29016609585920483,0.07292089395850998,73.52749609429878,-2.46239085915051,27
catalog_256,Classical Track 256,Artist 56,0.8940988028648453,0.9369554847069935,0.6279496629981569,0.47523903683900603,158.91174516693474,-18.159522822973027,82
catalog_257,Electronic Track 257,Artist 57,0.2518752754165756,0.7048654165489026,0.8837775181761535,0.34269336067397027,186.25184332667004,-13.367951578938504,65
catalog_258,R&B Track 258,Artist 58,0.3144994320321489,0.9078529369807534,0.9597000548259211,0.12734699195015442,117.13693145679707,-18.967716195498884,46
catalog_259,Hip-Hop Track 259,Artist 59,0.8600825323129246,0.4392456588823844,0.5059666924079502,0.6707489296510473,89.30701871183689,-18.485401542931474,89
catalog_260,Country Track 260,Artist 60,0.08590998867451705,0.03920944225594769,0.4700833761602631,0.7227371257200889,186.12219530424716,-17.633814087781584,24
catalog_261,Electronic Track 261,Artist 61,0.8782423529943918,0.48961030774228154,0.8314599847057763,0.2677803165025645,121.10343180500496,-13.96334690778502,54
catalog_262,Hip-Hop Track 262,Artist 62,0.9859337651560264,0.6178810807772848,0.011797496317669687,0.24985709434689418,149.72164695329525,-17.09948218213829,34
catalog_263,Pop Track 263,Artist 63,0.7014845359280162,0.8510293385809535,0.561365162632972,0.3276747146269551,132.79348286163912,-17.783593688241805,98
catalog_264,Pop Track 264,Artist 64,0.8462006996832764,0.8812088846018907,0.501315044701431,0.4005787130697076,110.19169778780812,-13.392237111980986,10
catalog_265,Hip-Hop Track 265,Artist 65,0.8662098797532406,0.7142599380149712,0.10989551869993952,0.17889324412568064,77.84122552160875,-9.310134431254209,31
catalog_266,Country Track 266,Artist 66,0.2510755954168734,0.3301025220771442,0.4043272954675843,0.9879671231626783,167.84032294845625,-3.8897351839902896,34
catalog_267,Hip-Hop Track 267,Artist 67,0.10812910323582003,0.3276158757886667,0.8804212340051153,0.3173420183192118,157.38475697419747,-13.781600386777527,39
catalog_268,R&B Track 268,Artist 68,0.5223636552650518,0.9474913068402154,0.7826852373773252,0.10127483454833774,79.80967616935372,-7.8011491929762045,95
catalog_269,R&B Track 269,Artist 69,0.711443052684197,0.5443695144099929,0.47291728949454914,0.1597700035745352,87.32037719433472,-2.7306528517254627,13
catalog_270,R&B Track 270,Artist 70,0.04078479451344097,0.8227173292320886,0.048972796848161915,0.839887477592904,164.72832656712478,-18.56466118408086,68
catalog_271,Country Track 271,Artist 71,0.25562629517250957,0.008540603691922333,0.7718806093166914,0.2785301027127921,169.08228783932398,-2.2620296264178243,54
catalog_272,Electronic Track 272,Artist 72,0.5383927768875686,0.09929151378359524,0.4694565743169602,0.037140883625920273,140.84620785424627,-14.358798369321486,99
catalog_273,Jazz Track 273,Artist 73,0.31898674542841443,0.7455484360498501,0.4768712029966534,0.1996964653930008,74.95078738476973,-5.3907062902020275,9
catalog_274,Classical Track 274,Artist 74,0.5191212412160587,0.5236264196512156,0.1015966935235798,0.6513439521080322,72.93714892881576,-9.918231503075148,95
catalog_275,Pop Track 275,Artist 75,0.2919997407432745,0.18210949864445058,0.6581355476096458,0.6846269541153691,116.77698090741998,-18.691092894345555,18
catalog_276,Electronic Track 276,Artist 76,0.11689886842095809,0.3966960300522775,0.004664748159418308,0.18457066794884647,90.90277975154203,-15.532995251602916,89
catalog_277,Rock Track 277,Artist 77,0.9108619686184489,0.45895575762533514,0.5337174081409406,0.38485043851081546,116.97359327632948,-17.458652997138245,6
catalog_278,Classical Track 278,Artist 78,0.5591575669389571,0.5339624922294522,0.6643229303383739,0.11809305566036199,191.95224591880327,-7.735684531777071,96
catalog_279,Classical Track 279,Artist 79,0.5557686809355195,0.8494808165029407,0.6473687893635909,0.6995638598848067,131.11888166352435,-10.439494520850758,6
catalog_280,Jazz Track 280,Artist 80,0.7079798188210887,0.3447711162208674,0.36194986120841766,0.2684045220597866,126.02484460956597,-17.135393953859012,97
catalog_281,Jazz Track 281,Artist 81,0.3873475284354715,0.7749400459479953,0.9582587648202985,0.6587911363433333,123.194357707921,-12.089587245408644,28
catalog_282,Electronic Track 282,Artist 82,0.22299765279089379,0.17928309696606992,0.1929021779874306,0.9910222643595242,163.95365875158933,-3.536180873145863,95
catalog_283,Rock Track 283,Artist 83,0.12934842161939286,0.44929994140313967,0.6008139871024567,0.5312744063275698,133.18045217896903,-14.107959664434144,97
catalog_284,Jazz Track 284,Artist 84,0.8814147461880746,0.8474194732305812,0.8154974267534955,0.1284364389466116,198.17264885001202,-6.9259993010618075,39
catalog_285,Classical Track 285,Artist 85,0.38521201830317386,0.4448721624691431,0.015033843037998595,0.3128201249782211,134.48141840824508,-11.797073126667199,21
catalog_286,Classical Track 286,Artist 86,0.5830995084342484,0.1819776432643775,0.7459143493130237,0.8528747502449782,121.2417639929832,-19.75309900402259,46
catalog_287,Classical Track 287,Artist 87,0.0662188449787221,0.5619666165136601,0.8660440100594353,0.47986945075724585,121.43708477463457,-12.579377335926953,1
catalog_288,Classical Track 288,Artist 88,0.9999464300735862,0.3162551773194284,0.24348296135750358,0.564643671823318,80.16783911245007,-19.92439796635434,5
catalog_289,Country Track 289,Artist 89,0.5396035454184015,0.6492949451940745,0.9413644708247924,0.8233966310365168,82.6054626016765,-3.7770957908546308,36
catalog_290,Pop Track 290,Artist 90,0.9827116431194025,0.46508185724080586,0.34439688247378053,0.9571369643586938,97.04090234507072,-5.188038575725562,9
catalog_291,Electronic Track 291,Artist 91,0.032029265456873124,0.48282093257019354,0.3937753518445699,0.7663910739533791,140.05903242372318,-18.099686941975843,98
catalog_292,Jazz Track 292,Artist 92,0.593665231710677,0.5676237660874085,0.14377634650363535,0.308810669806722,162.86872602123586,-4.0851522052425615,36
catalog_293,Electronic Track 293,Artist 93,0.3139372531225868,0.4062796958872448,0.5160859909961474,0.6282917732807045,72.33257712326689,-18.368500722321233,50
catalog_294,Jazz Track 294,Artist 94,0.3505386676420542,0.8331423650300092,0.6541452130330788,0.3709575462956245,81.98704191103036,-19.44691351001121,10
catalog_295,Country Track 295,Artist 95,0.35553047645189473,0.02856072535639098,0.8025668309579487,0.00836292260328908,95.74040570857383,-17.78445830523778,70
catalog_296,Jazz Track 296,Artist 96,0.929951266187469,0.4332288249859907,0.1530228912413477,0.6028062764797026,70.76180716046068,-14.887675735092579,73
catalog_297,Classical Track 297,Artist 97,0.12280110838815206,0.6745544058469152,0.6779874826288157,0.28817602473345394,159.99047852565076,-9.566044380489728,52
catalog_298,Classical Track 298,Artist 98,0.19264959385201452,0.5677520007285795,0.9136316626847831,0.0013653221025156093,157.0748676999795,-11.855977984737194,45
catalog_299,Classical Track 299,Artist 99,0.9923881314198073,0.9374034982914747,0.9478329816001416,0.6239882563642896,179.39454433415426,-11.776256287961974,66
catalog_300,Electronic Track 300,Artist 0,0.37307115768947074,0.8191650340245226,0.6326896442213861,0.814012833729447,197.92815136636816,-13.038181436555618,3
catalog_301,R&B Track 301,Artist 1,0.8781684054187684,0.6467913498560552,0.11099064066182862,0.09211607619766093,193.62095887944565,-0.7510151869733335,7
catalog_302,Classical Track 302,Artist 2,0.6361764502841644,0.18927853081799395,0.8367649115542902,0.03674426752358484,135.30194118972997,-14.736927867708909,72
catalog_303,Electronic Track 303,Artist 3,0.03696041478366108,0.6674306571719166,0.3881787962751908,0.39436240412690315,136.75275478802783,-2.982724575435377,67
catalog_304,Hip-Hop Track 304,Artist 4,0.011200663944629374,0.7587734282980491,0.6744405226195718,0.7743969331782774,81.63320617275139,-9.273376641953641,93
catalog_305,Rock Track 305,Artist 5,0.7160602108162103,0.0012810923024370036,0.8616735573587299,0.3284611340822837,83.67767309795005,-11.685111215214054,63
catalog_306,Pop Track 306,Artist 6,0.5481217504270237,0.6401013473257573,0.54521289264453,0.310022163464883,187.92187640760784,-5.3568458729249,80
catalog_307,Jazz Track 307,Artist 7,0.302553475408756,0.8733446867699229,0.24073116850173393,0.673497276454599,191.79782123502923,-8.139998310602161,69
catalog_308,Pop Track 308,Artist 8,0.3448167959433316,0.38267582583224635,0.027601035524603024,0.7990776686397553,68.09846775955427,-0.05431191454335149,4
catalog_309,Hip-Hop Track 309,Artist 9,0.7886552703114851,0.1267293834708586,0.0014464027281384517,0.9436954671844477,114.04266002746854,-12.622023079418518,67
catalog_310,Pop Track 310,Artist 10,0.9561717475698568,0.9681322986860226,0.9830785284485641,0.13783272336366847,94.95837706526939,-0.6678393712028878,46
catalog_311,Electronic Track 311,Artist 11,0.25559085997168396,0.08209651700751375,0.734953010133407,0.7786138168422626,106.69780109045618,-0.5436498782914896,82
catalog_312,Country Track 312,Artist 12,0.19950338270142298,0.8046683803800204,0.6184788917945849,0.77761539551883,180.3930864178031,-6.79513492983463,37
catalog_313,Country Track 313,Artist 13,0.12376659861209949,0.10366749660166119,0.6519199994039592,0.767887160344615,65.897325728648,-3.2878183343968743,75
catalog_314,Jazz Track 314,Artist 14,0.2552772430411083,0.09543627222843132,0.5898731177757828,0.9716744002273411,159.50106575131218,-19.771809293117776,79
catalog_315,Rock Track 315,Artist 15,0.5746521942641132,0.7550957765721685,0.9930310971969245,0.19349155854372913,83.22365769868783,-1.7961741956022408,63
catalog_316,Hip-Hop Track 316,Artist 16,0.2803550243806997,0.4614112934659804,0.7737608496038184,0.17708613199436163,95.6555254883751,-14.084929831369404,55
catalog_317,Electronic Track 317,Artist 17,0.1287389181173797,0.4184591021422175,0.17618753550470234,0.7301839803839402,74.48742268722529,-15.548650291426899,30
catalog_318,Electronic Track 318,Artist 18,0.8201750093534542,0.4415866966785059,0.14992739056334592,0.4030945376002196,136.59160586936088,-12.850702714768891,52
catalog_319,Hip-Hop Track 319,Artist 19,0.33935355129012257,0.9484021453127901,0.09414597305888694,0.36054216897670033,186.0766363374749,-8.035194102803487,2
catalog_320,Classical Track 320,Artist 20,0.5881273519091934,0.9673270041151635,0.9423776323638726,0.30097828897988377,196.41207163978632,-9.355785100922592,89
catalog_321,Electronic Track 321,Artist 21,0.4348418378449759,0.8903025896784709,0.45060410151142993,0.46428897471818087,87.12486427999531,-6.6916174409269935,65
catalog_322,R&B Track 322,Artist 22,0.49330124404948017,0.6871430271012806,0.9831375996689713,0.5194374399660086,94.52265395515039,-14.355755294262316,13
catalog_323,Rock Track 323,Artist 23,0.8770596611851443,0.7229112144372362,0.22487497641198007,0.5089155113839289,112.65137278650386,-11.861362237578764,22
catalog_324,Hip-Hop Track 324,Artist 24,0.5040214482407311,0.7588655378762295,0.18052817605188443,0.2778810697789218,122.58571621505135,-19.70525800473961,39
catalog_325,Rock Track 325,Artist 25,0.061502234400199196,0.3730788666345046,0.9389443827721368,0.12517780903143205,116.90900058099726,-8.607422563799943,98
catalog_326,Pop Track 326,Artist 26,0.3749250119104687,0.9720473675575554,0.7669059127955673,0.394263826158057,169.45909288017518,-15.92236914168141,55
catalog_327,Rock Track 327,Artist 27,0.6752990486726014,0.8237353421625213,0.6676913056190072,0.3533505398367901,82.32751695041785,-0.28698915091959165,38
catalog_328,Jazz Track 328,Artist 28,0.6375545770201191,0.7667847588028329,0.9804751684377808,0.1335689591849275,119.82206818791948,-6.697789882564951,16
catalog_329,Hip-Hop Track 329,Artist 29,0.5699498772003205,0.2970071088216487,0.6538577289831597,0.8412677621928465,182.36915576097405,-6.310723172882751,60
catalog_330,Electronic Track 330,Artist 30,0.3702179702967632,0.8045346330801266,0.9912266972860381,0.2801431822707888,94.49764450425721,-5.484224666461161,49
catalog_331,R&B Track 331,Artist 31,0.1566431905049014,0.8545031600436486,0.5578766872369397,0.11163719188942689,190.17598974365166,-7.423904508709743,75
catalog_332,Country Track 332,Artist 32,0.36680452819232034,0.25642466412514153,0.34423249895687535,0.17227929854530055,133.78902217213914,-1.1823085063956782,16
catalog_333,Country Track 333,Artist 33,0.3413800881376303,0.3178157027152029,0.5090824388146659,0.4885787176717007,99.73911755070431,-0.6767243839867234,89
catalog_334,Pop Track 334,Artist 34,0.4364204386872407,0.47196101929023593,0.4053726346931038,0.5995689057435677,106.71951492263861,-0.41782122248285347,42
catalog_335,Pop Track 335,Artist 35,0.11994884737150324,0.09104469306193241,0.8868859920512828,0.35817370161373463,106.13289616986745,-12.401962797651457,44
catalog_336,Hip-Hop Track 336,Artist 36,0.19243485507415103,0.07457565966277102,0.5806180087519575,0.8474549965143221,198.20330386707303,-6.227321530329078,94
catalog_337,Country Track 337,Artist 37,0.5129056338449431,0.519589465637126,0.9012868136458583,0.23585463898761272,109.40382204392455,-15.627907572899227,36
catalog_338,R&B Track 338,Artist 38,0.6387020755675173,0.2379957353164418,0.46508831626954705,0.0679957192361127,98.10042539545715,-17.611271497491746,71
catalog_339,Pop Track 339,Artist 39,0.21348864835858083,0.2777735165519709,0.9278324672619326,0.653820466637711,130.7790849923353,-12.650871743208562,90
catalog_340,R&B Track 340,Artist 40,0.6249054281438878,0.06360462461564043,0.6537003322450595,0.6444024768338203,186.27923659222301,-12.396432052681066,16
catalog_341,Country Track 341,Artist 41,0.27919111825373155,0.8469204704796992,0.7576162571265096,0.5248528172414735,138.3977752763459,-2.120997407563692,15
catalog_342,Hip-Hop Track 342,Artist 42,0.46944061500646417,0.14826176877010655,0.18207496987441052,0.19841501247565363,176.75128554506477,-8.295026202014526,76
catalog_343,R&B Track 343,Artist 43,0.925327481548833,0.3056448325172404,0.11596445656865462,0.7668063357031447,151.67087022826848,-10.460956636546257,32
catalog_344,Jazz Track 344,Artist 44,0.15918615472662057,0.1702325397080543,0.7764442639293575,0.6354989234506525,89.15145049410754,-17.38928088132503,38
catalog_345,Rock Track 345,Artist 45,0.2786624314696412,0.5663806136876839,0.8607552869430565,0.14350156695057137,73.90275676645845,-8.52421959524779,80
catalog_346,R&B Track 346,Artist 46,0.3463009346803574,0.39655682694143035,0.5863359530382877,0.3056810447107273,108.72576434342955,-4.102494148470932,76
catalog_347,Hip-Hop Track 347,Artist 47,0.1522715530073221,0.3759337168133009,0.013470690011029518,0.5845182981987858,153.5938237978909,-8.760490717890024,12
catalog_348,Pop Track 348,Artist 48,0.4758054460239882,0.8960867105594409,0.3212337124815622,0.22764107113468246,84.02581429949095,-19.8228477356207,73
catalog_349,R&B Track 349,Artist 49,0.20677653569535015,0.0009044668960846991,0.47396325854264265,0.0357625867550887,170.05126896689893,-19.512798236575087,87
catalog_350,Pop Track 350,Artist 50,0.6852662130690879,0.8613140093685999,0.5983845336334367,0.2766194800996403,61.468363076129634,-0.44621366768071624,37
catalog_351,Classical Track 351,Artist 51,0.7226505945198557,0.5592264071659198,0.9885891958238441,0.5806205873112886,117.86605988790271,-8.542973787394047,96
catalog_352,Rock Track 352,Artist 52,0.48011091349209567,0.9476156505002797,0.5084404030477295,0.163015274172997,71.07527881576078,-12.961219527935434,61
catalog_353,Electronic Track 353,Artist 53,0.8230148391915107,0.14061550824360125,0.45512603233439364,0.8807140854119591,199.34685060225496,-13.473820990633264,95
catalog_354,Country Track 354,Artist 54,0.7708719554797854,0.8323341438818422,0.5312770489014903,0.8874685317877823,156.35288548347955,-11.008205701693527,33
catalog_355,Rock Track 355,Artist 55,0.3493251318713215,0.21700507992560047,0.07721471475334074,0.828980301923863,147.15938129935734,-7.201246756689976,30
catalog_356,Jazz Track 356,Artist 56,0.3185630158980971,0.8355255293117091,0.7083228356477801,0.74219433435939,148.60385338624684,-10.540851546031627,48
catalog_357,Country Track 357,Artist 57,0.1569158558219962,0.5500230659136316,0.5070850971913122,0.8538474613806764,81.96930618010762,-13.636745386865014,97
catalog_358,Country Track 358,Artist 58,0.33207632746222193,0.3988539105501987,0.47775353731856607,0.6134724358859645,112.57374198172808,-5.678885684308252,76
catalog_359,Pop Track 359,Artist 59,0.7166585619508883,0.1645123957014044,0.12240091041906886,0.3234559127237635,196.11474531811731,-12.492816755316447,43
catalog_360,R&B Track 360,Artist 60,0.3050808895999799,0.9520613397552209,0.6802625719455201,0.4906309559195676,159.07257491186658,-4.474016457878772,27
catalog_361,Country Track 361,Artist 61,0.9458592467086914,0.6634975716645743,0.8946789304857685,0.28670647862356335,84.46489017019411,-0.06825063927777109,67
catalog_362,Country Track 362,Artist 62,0.5467749570997757,0.9659264234138413,0.6396100192408978,0.7266322771536358,69.48331870504911,-4.362815106630686,41
catalog_363,Pop Track 363,Artist 63,0.87637604484892,0.655322378677255,0.09074384149472892,0.49761456845017105,101.19054793654041,-16.229200871950013,28
catalog_364,Rock Track 364,Artist 64,0.30785759491231135,0.575131483351493,0.1520107282547125,0.8131600758150442,130.24541607216295,-8.673956780908988,69
catalog_365,Electronic Track 365,Artist 65,0.7944556408477929,0.7625643602613095,0.21066120256591447,0.8685273511227729,190.2853448780094,-8.985187232353448,94
catalog_366,Hip-Hop Track 366,Artist 66,0.08492765297167038,0.39364303497079145,0.7917637414852402,0.7613307037815299,199.1062693528915,-13.460358688025893,60
catalog_367,Jazz Track 367,Artist 67,0.36113728625580754,0.42237411044188067,0.1486769416244751,0.04552854650775562,130.58454583540487,-13.088373942231135,51
catalog_368,Country Track 368,Artist 68,0.5324070723907522,0.6484466037055306,0.34484279831476694,0.24549463239882263,153.79790102222614,-11.997572066789171,83
catalog_369,Country Track 369,Artist 69,0.4079033984378605,0.6877034480898172,0.7505031559549855,0.056960893284385694,104.00457950691765,-18.820162102326567,64
catalog_370,Rock Track 370,Artist 70,0.061614065814137864,0.5477074708983769,0.8611408063378146,0.8194399719965588,105.60285107544036,-12.031135697946468,74
catalog_371,Jazz Track 371,Artist 71,0.32643675565743346,0.39388872615853177,0.28826006298129103,0.5637065865270126,123.46549429087283,-19.146668327808953,36
catalog_372,Pop Track 372,Artist 72,0.6825499935389758,0.6215679499173227,0.37676716230957097,0.3842759760379234,168.52294526297635,-7.304985240502253,31
catalog_373,Rock Track 373,Artist 73,0.17848769973743983,0.9227221896847053,0.7123868788386432,0.6856861248851539,172.03738059920357,-17.542195556402202,16
catalog_374,Hip-Hop Track 374,Artist 74,0.8021747122603295,0.8981267977985545,0.3515758652793258,0.20161540281426116,89.90565436567815,-7.5115466045376635,88
catalog_375,R&B Track 375,Artist 75,0.8527742515051469,0.8736689428701185,0.9931970343325883,0.5374096395309617,179.4593864334958,-10.209752759411996,35
catalog_376,Jazz Track 376,Artist 76,0.30542103942255694,0.18504795536019547,0.30980368064737496,0.8697379216543188,163.28237540682818,-7.267012135532223,28
catalog_377,R&B Track 377,Artist 77,0.4808089834139798,0.1861507147631858,0.2249108929750807,0.09426148791087019,118.25637784624277,-18.564342641713637,52
catalog_378,Pop Track 378,Artist 78,0.05300737978365122,0.20035974047948213,0.5132247296036809,0.9535518152168143,157.91536650303928,-18.340027294023876,65
catalog_379,R&B Track 379,Artist 79,0.0827732394777777,0.2640796532158448,0.5609487105473772,0.01636548050969755,167.31723769237658,-16.04551418494006,1
catalog_380,Rock Track 380,Artist 80,0.22224470859267775,0.8671743112287228,0.6263788771224233,0.5011784543745286,66.796122989344,-9.18367849343349,81
catalog_381,Rock Track 381,Artist 81,0.6168168937129722,0.339981736085727,0.1267648336474233,0.3068007450271485,195.31480574106882,-8.009086770857651,35
catalog_382,Classical Track 382,Artist 82,0.4340919176731194,0.012678571737461564,0.293627989358866,0.5858805295223752,169.6770086404446,-3.241126883135781,61
catalog_383,Classical Track 383,Artist 83,0.22663757390759154,0.8403114001426853,0.9010762702076673,0.9732798429450005,84.16378192295349,-4.157882808829655,35
catalog_384,R&B Track 384,Artist 84,0.6543769441668338,0.9789269351550708,0.7360790875964496,0.5335270533380917,99.99501971730459,-1.6480527925484942,39
catalog_385,Pop Track 385,Artist 85,0.9203747984918593,0.3658405555583085,0.443628256446825,0.642608190525205,105.76813815066468,-6.895164632488759,90
catalog_386,Country Track 386,Artist 86,0.017725783041207865,0.8908655795976006,0.21958348067038946,0.24749927061813182,106.3523906378957,-9.999197888296916,25
catalog_387,Jazz Track 387,Artist 87,0.36975237759203883,0.8072347391869881,0.7166483455971188,0.5380719561845028,133.3780500571878,-16.438708077239294,89
catalog_388,Pop Track 388,Artist 88,0.3666663853063644,0.9301929938460815,0.11003844531160067,0.111336453894325,116.18217426239443,-16.442275745898908,13
catalog_389,Hip-Hop Track 389,Artist 89,0.48547523333576215,0.04042456919541104,0.9831590633592392,0.13656507976216536,136.41317142677917,-8.809037343703674,26
catalog_390,Country Track 390,Artist 90,0.21155473508878486,0.8605767946654218,0.49921223283706606,0.9577751244756796,95.62859298872246,-9.9426037349356,62
catalog_391,R&B Track 391,Artist 91,0.14638100832472933,0.9212154040162522,0.3465536649208908,0.8997172466501214,145.4906312392466,-6.650835400635437,71
catalog_392,Rock Track 392,Artist 92,0.04459964451166887,0.33470510156171807,0.6143671717235384,0.14076848655491092,87.07295723143041,-0.3215598538022064,11
catalog_393,Jazz Track 393,Artist 93,0.7530697722989366,0.7610205260011077,0.08471566413905063,0.36208118557987645,148.03623109435836,-7.6530202085556365,7
catalog_394,Country Track 394,Artist 94,0.9724623199348693,0.1497683492625932,0.7913331023068686,0.7163346772327418,132.83953248409006,-17.089431736269457,85
catalog_395,Hip-Hop Track 395,Artist 95,0.04824254066511946,0.7488759771735818,0.2790255729601804,0.34123345023365614,78.24017365240496,-18.47556850527588,93
catalog_396,Country Track 396,Artist 96,0.9264363151472581,0.039876348884673174,0.9722339914733068,0.6975062993977846,86.65342117487636,-13.386956546358615,77
catalog_397,Jazz Track 397,Artist 97,0.2885300253411335,0.26651635749714475,0.2592213837657109,0.748686850671236,199.45084659443856,-1.9001686315928055,6
catalog_398,R&B Track 398,Artist 98,0.5075490429831293,0.44773533360750906,0.11045363779279971,0.8886427289849966,119.92903951489723,-18.851478507728388,17
catalog_399,Classical Track 399,Artist 99,0.5332722058289463,0.11478605518078155,0.7035229841685805,0.808726744412096,137.29004259555464,-8.990678022663118,65
catalog_400,Classical Track 400,Artist 0,0.3836887037289979,0.10096207249387668,0.9255686714152429,0.04734753552124138,69.03544019583137,-1.4149807102033876,63
catalog_401,Hip-Hop Track 401,Artist 1,0.7803726180245089,0.10941538316543797,0.6320354881165715,0.6613524808419392,96.71066223111787,-5.1220778794676605,25
catalog_402,Country Track 402,Artist 2,0.9256519842483449,0.8391869096520314,0.6316218488657969,0.6825267992214425,111.2903037389735,-1.5339834101679521,28
catalog_403,Jazz Track 403,Artist 3,0.6429054259158495,0.6971453793886357,0.32257156897436046,0.4525895804001434,145.84924174391097,-8.373904346979861,53
catalog_404,Jazz Track 404,Artist 4,0.07956784601112121,0.67376213218231,0.8930556166456918,0.36675318350207264,151.59608349181738,-13.348559933356558,36
catalog_405,Jazz Track 405,Artist 5,0.32793982895008544,0.8176902259114432,0.06434080767954786,0.047870116475366764,64.22980653660878,-5.637608213245178,75
catalog_406,Hip-Hop Track 406,Artist 6,0.648841029522628,0.13550116700068804,0.7897126405051071,0.8731427661878501,149.51447519330532,-3.1013272387390813,68
catalog_407,Classical Track 407,Artist 7,0.02948109130154608,0.689914953030467,0.434113272372753,0.8602180476709579,81.86555754030606,-2.163018236728547,86
catalog_408,Electronic Track 408,Artist 8,0.3176704147492492,0.8661907680656828,0.43341163173899433,0.996281644248469,123.59666744038694,-11.45418560740137,34
catalog_409,Classical Track 409,Artist 9,0.3187279091384827,0.7522560629473359,0.472255594378703,0.44859962047062596,88.32186789057417,-14.531299933416337,65
catalog_410,Hip-Hop Track 410,Artist 10,0.7176040547782359,0.2735250378212414,0.054574892838399336,0.744633531977721,81.52275806184906,-13.441825157858808,67
catalog_411,Rock Track 411,Artist 11,0.6126893130556522,0.9431107897932427,0.27798201717750237,0.15803870924592045,108.77928488799807,-13.672207881404074,8
catalog_412,Country Track 412,Artist 12,0.4066589086321595,0.8608085438352668,0.7119802804743884,0.5137867647764319,112.79229493435757,-9.36972867903883,91
catalog_413,Pop Track 413,Artist 13,0.03709620801194913,0.12116163414909853,0.7234342800500791,0.15174804145805199,178.5853567115503,-11.158854070011648,76
catalog_414,Hip-Hop Track 414,Artist 14,0.568812389721887,0.10976294383553231,0.2969239852445238,0.17412194720382168,88.2462044842076,-11.695152987667605,47
catalog_415,Pop Track 415,Artist 15,0.3539467391372151,0.7251303316843786,0.5124589671616203,0.8001271744678236,90.26596074790558,-13.437706933604744,28
catalog_416,R&B Track 416,Artist 16,0.11735272321074353,0.38164115991285585,0.19100623474434664,0.3179720157268431,151.55014702505974,-8.384904593283384,3
catalog_417,Electronic Track 417,Artist 17,0.023075184020987405,0.9089123483427864,0.6436299331727676,0.26844286186703215,129.5115804676613,-11.430026476429585,30
catalog_418,Jazz Track 418,Artist 18,0.3714678268709447,0.0324393595201663,0.9968171422163927,0.19044875952055929,84.9423518576156,-19.036231925749135,44
catalog_419,Country Track 419,Artist 19,0.6382680464355005,0.9242123078507997,0.18469555843856866,0.5449589415077509,140.86572477467217,-3.9537603755869597,7
catalog_420,Country Track 420,Artist 20,0.3321509194629235,0.3030848125446213,0.6602173770083396,0.10724293941680274,194.68758847785185,-12.156005847008593,79
catalog_421,Jazz Track 421,Artist 21,0.5938593750880485,0.12485143110673635,0.7791484336817233,0.06926447339064301,95.82588027452823,-19.43654088334999,56
catalog_422,Rock Track 422,Artist 22,0.35795536224356206,0.543526774221251,0.2286400695641806,0.05509657262717338,88.8857180321222,-17.339389817336595,37
catalog_423,Rock Track 423,Artist 23,0.27184972181749756,0.07523590582317874,0.26160964368777595,0.6357516527214647,102.04091401829902,-0.9773110393544151,45
catalog_424,R&B Track 424,Artist 24,0.7036622645261612,0.11615579977160306,0.02040625851168465,0.5483480467098442,165.0134202468294,-5.405966848477643,64
catalog_425,Country Track 425,Artist 25,0.774847349284784,0.3884061407674261,0.08670089945712212,0.5264930724931886,181.22681136370085,-12.746491728545958,2
catalog_426,Electronic Track 426,Artist 26,0.8373706199945715,0.9071683569547431,0.45796574723560435,0.6240396005474825,160.9273721199766,-2.9038596262372636,72
catalog_427,Rock Track 427,Artist 27,0.18396851660918223,0.44035735074935456,0.47128349928686175,0.08318116994008662,105.65861699923998,-16.211126874806936,16
catalog_428,R&B Track 428,Artist 28,0.2926782984809576,0.9822748225937532,0.6882615787241557,0.8593459910663559,136.8465812500152,-9.07081870205203,46
catalog_429,R&B Track 429,Artist 29,0.36661614844997037,0.5139830835136145,0.6234351614763739,0.43218647107332797,118.61718266397551,-18.490213523694344,32
catalog_430,Jazz Track 430,Artist 30,0.71422240061929,0.11704322895190244,0.011956480211567255,0.5814355199528665,143.6415382267109,-5.224836061228368,94
catalog_431,Jazz Track 431,Artist 31,0.7318892582000779,0.39746872770515873,0.2084976884978923,0.1723326704097522,117.13658255743809,-13.824173148575357,8
catalog_432,Electronic Track 432,Artist 32,0.14381411217025974,0.23147460605299752,0.30821337419130057,0.9761563540470529,164.069884827352,-2.5675646085304713,69
catalog_433,Jazz Track 433,Artist 33,0.20844846106207437,0.8820295638204446,0.8354792642120676,0.43099448895273196,123.0217674618035,-15.840392207788081,11
catalog_434,Classical Track 434,Artist 34,0.5839477237077819,0.5962874728731108,0.9709469951586096,0.8999143955777789,174.20883664794198,-2.373155832950328,12
catalog_435,Pop Track 435,Artist 35,0.6248102970488689,0.24204480848428134,0.8011915997058886,0.9913069344782488,102.20379479221482,-3.171988747396025,39
catalog_436,R&B Track 436,Artist 36,0.4537958598702534,0.9465101168287735,0.45158379384901637,0.3409426403197353,85.43943374347252,-9.366484541278515,3
catalog_437,Pop Track 437,Artist 37,0.4475156777394791,0.2559603879991471,0.29935056060566745,0.849545838376863,165.4487469912313,-13.80632390344001,29
catalog_438,Hip-Hop Track 438,Artist 38,0.0910331529950289,0.6509452101010254,0.42635207559867583,0.04980402923925009,76.17262373395937,-4.276293385503763,34
catalog_439,Classical Track 439,Artist 39,0.7645434182361096,0.8153102419608075,0.28469153691050897,0.810854393032845,154.32990201336332,-15.867109347357076,57
catalog_440,Pop Track 440,Artist 40,0.44296950923109013,0.48942029320338165,0.9732666118798398,0.5588839096140296,199.21519491453375,-5.51969662904245,1
catalog_441,Electronic Track 441,Artist 41,0.44215432239005115,0.8387203658443966,0.03968813961861073,0.2915799238459128,137.92679016221803,-6.675032437292337,29
catalog_442,Country Track 442,Artist 42,0.4424731562945794,0.3852761350320649,0.9403978140026752,0.903554690726951,191.20036414920486,-1.4620377199964167,56
catalog_443,R&B Track 443,Artist 43,0.9627726598527466,0.8465488470016718,0.33862291699879576,0.6797740416457825,157.56097849099933,-15.47253707085699,95
catalog_444,R&B Track 444,Artist 44,0.4439798295246252,0.891905966912365,0.3540269094065229,0.515588127367136,185.23760432660367,-14.599835758695217,1
catalog_445,Pop Track 445,Artist 45,0.8888927899623151,0.14286008036150222,0.33673892801312777,0.6982186117696879,177.33095066627823,-18.123417544591877,6
catalog_446,Pop Track 446,Artist 46,0.6631540111340084,0.2679073828721156,0.3112103934182716,0.7015569693570499,104.12989449320037,-0.02651652217303635,18
catalog_447,Pop Track 447,Artist 47,0.48494866762294675,0.43664481739656713,0.6027581199882549,0.2118340751441249,146.6075053697234,-3.2098300824016945,30
catalog_448,R&B Track 448,Artist 48,0.30756843626790575,0.9696031185692623,0.48166931428518056,0.7935550885547158,62.46608296155281,-19.6204550802338,89
catalog_449,Hip-Hop Track 449,Artist 49,0.09745817926476807,0.5910006310660729,0.3647610415836158,0.03512239820235452,154.7654342057537,-4.262951707950416,76
catalog_450,Classical Track 450,Artist 50,0.35278770152496597,0.30856862538007834,0.4196127176436236,0.18326008467681287,133.24178919131447,-0.7573819872366201,26
catalog_451,Country Track 451,Artist 51,0.5674410686108843,0.8183351324151984,0.9420059081504778,0.1803801055634553,135.41300023220555,-10.353990174597081,56
catalog_452,R&B Track 452,Artist 52,0.49908245529058404,0.10400690004647717,0.8345442663495513,0.6100438945694134,142.52652226472946,-3.976924908451217,95
catalog_453,Rock Track 453,Artist 53,0.0058388984858743775,0.28107489229591465,0.9074054380318507,0.5920904462012719,158.48447933004255,-6.964099125521198,62
catalog_454,Classical Track 454,Artist 54,0.10672102546415574,0.07164347393397041,0.6967419127549783,0.6922160452630068,82.15324614199493,-15.461360144282901,84
catalog_455,Rock Track 455,Artist 55,0.385388024839424,0.8659154626556421,0.3024468757538177,0.04335181226440865,85.87503135281894,-10.818741817644835,90
catalog_456,R&B Track 456,Artist 56,0.6371579773612073,0.5894008850854588,0.7259445309421898,0.680503991055069,114.46456569309908,-12.293964485978162,63
catalog_457,Electronic Track 457,Artist 57,0.748476377441057,0.3590663073287338,0.4179864258221788,0.43146469806997745,145.8130566734606,-5.207225463686893,92
catalog_458,Hip-Hop Track 458,Artist 58,0.5130683930114781,0.7405598966675373,0.4238994534065622,0.8109212817200514,182.40375294932932,-10.253311586730796,60
catalog_459,Hip-Hop Track 459,Artist 59,0.19369928949041681,0.8732038281984204,0.8101977989346946,0.2511152574922668,83.01065941442087,-0.5323966376167668,50
catalog_460,R&B Track 460,Artist 60,0.8643512685663323,0.8088693342086429,0.9962379356055026,0.758302854108681,81.84512039638085,-8.271260359350736,93
catalog_461,Jazz Track 461,Artist 61,0.12675881089395769,0.8563457239689296,0.3358979003738646,0.9970549928617585,78.0315080234797,-12.548117132811518,1
catalog_462,Hip-Hop Track 462,Artist 62,0.2497542237129209,0.9660735851353767,0.9615837468617442,0.4504098921742924,109.64627354832643,-17.688931625605267,28
catalog_463,Electronic Track 463,Artist 63,0.7904131991040811,0.5304721535899712,0.45882941488330387,0.9198376007396598,166.64738613606227,-3.9489248739388003,62
catalog_464,Jazz Track 464,Artist 64,0.8735987946592542,0.9798290419170379,0.9723007139234459,0.18378933594071245,99.24370522903439,-17.88202267937892,14
catalog_465,Classical Track 465,Artist 65,0.7681209986899167,0.9765745288434845,0.8152890473514054,0.7145727739134092,124.60124273282338,-0.23122884042161473,19
catalog_466,Country Track 466,Artist 66,0.1986686654112384,0.9367253474568412,0.08768736063020077,0.8587727469856377,107.75744246261345,-2.88690412367567,82
catalog_467,Jazz Track 467,Artist 67,0.8799239940102549,0.5794010340736918,0.6798540944517013,0.4881991098444485,98.34159564928893,-16.192719281717196,5
catalog_468,Jazz Track 468,Artist 68,0.16996965493512306,0.8650779053876818,0.08601912763559183,0.07609154304633947,93.3158799324151,-17.411852666685018,51
catalog_469,Rock Track 469,Artist 69,0.9898633304771646,0.7629668171505051,0.06807909799212153,0.5009594527318258,186.02751337362855,-6.175379634247218,85
catalog_470,Rock Track 470,Artist 70,0.15980377799238032,0.8648173531921651,0.4741441664246796,0.37435216120122783,88.69246815611166,-7.5749416218623455,50
catalog_471,Hip-Hop Track 471,Artist 71,0.9536361826315527,0.3992831073392422,0.5979485910376321,0.8422981137282212,120.71459431314149,-9.914441133932225,3
catalog_472,Classical Track 472,Artist 72,0.05372225242640305,0.6487115288125135,0.12233707121229775,0.33726308056031506,93.51833008964397,-11.93774753235137,60
catalog_473,R&B Track 473,Artist 73,0.05358492722524588,0.06055448427126087,0.10659702481610311,0.6662486645854695,84.52865081737409,-3.1695456538010767,59
catalog_474,Hip-Hop Track 474,Artist 74,0.5777840401876844,0.766315022578513,0.4252724410447192,0.8410515266576553,144.74511195452405,-19.32057727692772,25
catalog_475,Rock Track 475,Artist 75,0.5908176532707822,0.8319026965850487,0.6534918152534811,0.5697078384671275,153.6111555238591,-1.1684457485471995,12
catalog_476,Classical Track 476,Artist 76,0.3595064785732427,0.7448519060749559,0.7563162046050229,0.7924924679410764,163.3352649819135,-18.740589805058658,33
catalog_477,Electronic Track 477,Artist 77,0.6552877017115408,0.12333799871719175,0.10046313676405094,0.2303110606525124,198.18451999529972,-8.037673454570427,11
catalog_478,R&B Track 478,Artist 78,0.056941123144815586,0.2708243629438851,0.4212622190392932,0.8185520824447536,188.24376052483004,-15.74424517729038,4
catalog_479,R&B Track 479,Artist 79,0.45077136825335085,0.1788588431419771,0.04009453029509613,0.3394887096767626,195.7069161815651,-15.918530588036312,75
catalog_480,Country Track 480,Artist 80,0.5403796600719845,0.3465055477406035,0.30983923306419237,0.7880333948653964,130.92103951786208,-6.154393853099666,86
catalog_481,Hip-Hop Track 481,Artist 81,0.810720757903378,0.2789966090203527,0.3169715757774567,0.4653275864939802,182.94530839757226,-15.713796773227509,37
catalog_482,Rock Track 482,Artist 82,0.056365534185109034,0.4714173236542858,0.5378586094763552,0.5168450882217737,62.570331275392675,-5.647182289605642,75
catalog_483,Pop Track 483,Artist 83,0.45560815234570395,0.9347433912149291,0.2371444147314099,0.09220203036562957,124.33194146968182,-8.637005786428954,70
catalog_484,Electronic Track 484,Artist 84,0.06013033181967087,0.9301740338289043,0.06751336406777775,0.8743548885498716,115.8583547827451,-8.867266926034095,84
catalog_485,Electronic Track 485,Artist 85,0.15507520456192203,0.3937337213852683,0.11522766420768027,0.6505328233857719,83.01271487410781,-8.84313601477643,68
catalog_486,Classical Track 486,Artist 86,0.36914668896706293,0.8802334906273959,0.5151897588048979,0.5090656189653836,156.71543425647081,-4.056470352258014,25
catalog_487,Jazz Track 487,Artist 87,0.0540215957712642,0.6359701584066506,0.47953829098426304,0.5106173935404951,97.73247267850005,-15.084501439779691,17
catalog_488,Electronic Track 488,Artist 88,0.28451054439899237,0.7270621235013747,0.7443527906983783,0.027618862571365588,167.71205309870084,-11.043443945153399,23
catalog_489,Pop Track 489,Artist 89,0.4992149120233982,0.6731755117164113,0.7078186450758494,0.2479780826631286,162.52598797337924,-15.21732381607164,96
catalog_490,Classical Track 490,Artist 90,0.9949377345193935,0.1594217693276444,0.8584754034028982,0.6079227452710494,182.17448462276673,-16.734628294696318,76
catalog_491,Classical Track 491,Artist 91,0.38789375462266795,0.32614645089600725,0.7496897457084312,0.210757579966662,167.3526597866204,-14.501623623159714,86
catalog_492,Country Track 492,Artist 92,0.8336510531917207,0.1401085247783178,0.520935538746413,0.7993723756420822,78.78070138950505,-2.4246419552294114,81
catalog_493,Jazz Track 493,Artist 93,0.5150707003459241,0.09702892121135243,0.7664834526152896,0.08402049127657085,103.7780775040267,-10.942768979676016,73
catalog_494,Pop Track 494,Artist 94,0.8046808171825484,0.6020965183165401,0.10296537164552533,0.07702650604325378,86.92199393940751,-17.50063291401416,77
catalog_495,Classical Track 495,Artist 95,0.5672613426694413,0.11736558718633672,0.96139422176837,0.9550591862858907,158.43350442249167,-0.24312218852001166,73
catalog_496,Rock Track 496,Artist 96,0.8486916959885078,0.05618616113906294,0.5029889142269794,0.6442375782503699,127.96445725419626,-2.5214097685938093,14
catalog_497,Classical Track 497,Artist 97,0.9367956932914432,0.5878890728111389,0.3440865841894093,0.45594504247248946,134.39960074734574,-14.246210286342404,80
catalog_498,Hip-Hop Track 498,Artist 98,0.5232725692371669,0.6888436924215384,0.8017227007316775,0.43977547185497556,175.40698959704196,-8.595684924550698,43
catalog_499,Country Track 499,Artist 99,0.6271752224393907,0.05193174988869498,0.7306050288642354,0.19226649250256034,97.16889662986912,-6.31463696175298,74
catalog_500,Pop Track 500,Artist 0,0.9133544217696283,0.5947329248896586,0.7581617126919442,0.4872742484248884,196.2287635510592,-12.98693597264685,12
catalog_501,Rock Track 501,Artist 1,0.9662115332278179,0.6668574356052821,0.4056878430734614,0.6227156886243932,178.11242583211603,-9.881900303504672,53
catalog_502,Country Track 502,Artist 2,0.6039046718570714,0.5103084100827523,0.7154820329878931,0.768804026955168,101.15752216688448,-3.065409652651276,89
catalog_503,Electronic Track 503,Artist 3,0.5196189494630893,0.04718121541358611,0.8578312311200328,0.4484774864840748,133.42534318400072,-8.577399002805063,89
catalog_504,Classical Track 504,Artist 4,0.023534195937707225,0.6803932604749028,0.7768552837414502,0.32420904265849915,69.42050516312194,-14.540335105369905,31
catalog_505,Country Track 505,Artist 5,0.1578908140768569,0.6494905591292509,0.9985308625061249,0.3043014732438091,171.98561769995428,-6.320606580933408,38
catalog_506,Rock Track 506,Artist 6,0.6622765006900283,0.24958951564378118,0.7656322847631906,0.44298848638952837,189.63216491141208,-12.233153133121002,36
catalog_507,Classical Track 507,Artist 7,0.15363410810426692,0.9382174725520984,0.964057239045498,0.08678223408904606,137.95335755687162,-2.3820195641671305,30
catalog_508,R&B Track 508,Artist 8,0.5713341576148302,0.3274610578857655,0.48312087377712043,0.230308695502634,98.64834345736028,-19.151590886006375,56
catalog_509,Classical Track 509,Artist 9,0.8882838592416342,0.47297172393999065,0.013594601971098741,0.7278477314922438,186.48902325472295,-9.161074349849837,70
catalog_510,Electronic Track 510,Artist 10,0.753687697172482,0.9453286249043735,0.17758767272915965,0.435985910257799,195.83473116165845,-6.175012344654887,50
catalog_511,Electronic Track 511,Artist 11,0.21378501151907137,0.02625485458717558,0.3522314433616335,0.053497844918008686,78.30064365720386,-4.751461258302346,31
catalog_512,Jazz Track 512,Artist 12,0.09687164050995622,0.4279300219378529,0.12723361436609748,0.9169991050460197,120.44028693376211,-10.74393928360336,26
catalog_513,R&B Track 513,Artist 13,0.011060940979088718,0.12747940276284397,0.05128528870922677,0.7005309708711713,178.45282490526765,-0.6557355035432337,67
catalog_514,Hip-Hop Track 514,Artist 14,0.9395678294297989,0.6868512874784334,0.856564087272383,0.5229797950139901,133.72624154642392,-13.19111717870678,23
catalog_515,Jazz Track 515,Artist 15,0.47105977912703345,0.5964421848359107,0.608109079303515,0.3485058177851922,176.82706262227492,-4.420511649008908,54
catalog_516,Rock Track 516,Artist 16,0.9583710858892656,0.3735206448523538,0.13260678750803145,0.8350547235685898,153.4752733501761,-17.094739382672703,46
catalog_517,R&B Track 517,Artist 17,0.0349923895943951,0.4418982023824347,0.005639882586114808,0.41346811479715206,98.65321116035187,-6.5716217467054285,33
catalog_518,Rock Track 518,Artist 18,0.480870133242714,0.5164869685761607,0.27640442248229435,0.2060180784611395,180.8937380890839,-5.883658241434958,36
catalog_519,Country Track 519,Artist 19,0.9179887858861006,0.22842944176121693,0.876964980151963,0.06544196802538127,89.35292988991816,-18.71549594441323,9
catalog_520,Pop Track 520,Artist 20,0.9919039992643507,0.5873826094535015,0.23277428345343154,0.35981405168767266,108.51363060101218,-12.017923465255011,23
catalog_521,Country Track 521,Artist 21,0.5645139355754474,0.8153283448356696,0.21886584567369471,0.49646458235623925,66.68155283817381,-4.494992712207097,40
catalog_522,Jazz Track 522,Artist 22,0.7642013222545301,0.2630895842964093,0.2012643659703388,0.583290513745915,134.24352866490784,-8.48950737593312,26
catalog_523,Hip-Hop Track 523,Artist 23,0.029151213460552494,0.5039318906262301,0.6796560212081733,0.419057277330803,96.53436754712104,-18.825796297347736,35
catalog_524,Electronic Track 524,Artist 24,0.897337480611376,0.32880951321083474,0.2605716843507284,0.7278913999529428,60.96567814966047,-14.682693510548264,56
catalog_525,Classical Track 525,Artist 25,0.769980924731164,0.3730317193130924,0.1860450026024928,0.5825643337334329,160.75972711593624,-1.8061496129369026,85
catalog_526,Pop Track 526,Artist 26,0.9763393493748626,0.544145100231494,0.24225384100569536,0.8860761058401456,121.15424553877521,-10.677502564238452,5
catalog_527,Country Track 527,Artist 27,0.605025452624975,0.3262428543922916,0.1072003394696186,0.9753048002559028,105.89508945420627,-11.748945582272013,20
catalog_528,Rock Track 528,Artist 28,0.0956586348720001,0.04168010199345884,0.5791288465440572,0.5209084806828548,60.267423533157064,-0.4792732899571881,41
catalog_529,Hip-Hop Track 529,Artist 29,0.8257987797909828,0.6103673963324232,0.6784873159345322,0.9506153475314292,84.37684399148272,-13.145658847400776,71
catalog_530,Country Track 530,Artist 30,0.4708807567190385,0.6528765637246992,0.11624880438778484,0.14966596916913488,60.37754173955274,-8.413634940279355,18
catalog_531,Rock Track 531,Artist 31,0.5995308349268412,0.32680291014757556,0.07354389534556438,0.5322258254171114,111.1465853412306,-19.76894307034872,62
catalog_532,R&B Track 532,Artist 32,0.5771252175552106,0.47529558040315667,0.7441296651627816,0.2473733257892342,179.551911940239,-8.465798315144564,34
catalog_533,Country Track 533,Artist 33,0.4664378865235479,0.18854566867560751,0.3474737998968652,0.2491944894022351,147.77617642476267,-0.5266817625641309,7
catalog_534,Electronic Track 534,Artist 34,0.11038314242522185,0.2921445458150509,0.9648633011159972,0.5543954664794715,93.57331841742652,-13.654510001356766,43
catalog_535,Classical Track 535,Artist 35,0.2413065111410445,0.38157888153293607,0.13291626152957103,0.698239742095864,82.30850182666349,-7.257898664529893,13
catalog_536,R&B Track 536,Artist 36,0.9484964922809774,0.4824917772596785,0.6433722602779978,0.7103442000739518,122.5571188967775,-3.10232831245116,86
catalog_537,Pop Track 537,Artist 37,0.11258534259477415,0.9488947764075314,0.77536074635438,0.28908723859259233,106.34930839171068,-1.8275295196974923,45
catalog_538,Rock Track 538,Artist 38,0.9124764606538145,0.5675332889032019,0.9507939294398774,0.15022134790205788,110.3041652248694,-2.7314250704602117,52
catalog_539,R&B Track 539,Artist 39,0.6199717795476556,0.699675891082298,0.9622049379726169,0.3838306278642831,189.86176803282135,-19.234753664492114,45
catalog_540,Rock Track 540,Artist 40,0.009526984050519771,0.15728575813470813,0.8091348683248285,0.3988336587831407,89.71689712527994,-14.702025775281749,8
catalog_541,Classical Track 541,Artist 41,0.7260818835699704,0.40759560456645516,0.564736384632041,0.45802731077524106,172.22184705809656,-12.713238517643857,37
catalog_542,Rock Track 542,Artist 42,0.9887962934805218,0.7127540772996352,0.7717655698038948,0.7068123407183016,167.32810374064525,-13.42090786145497,73
catalog_543,R&B Track 543,Artist 43,0.5363826037957187,0.08869619453183675,0.8462885170777238,0.5925163413949874,143.22593611150688,-16.084470147853178,86
catalog_544,Classical Track 544,Artist 44,0.14194912089245104,0.9646019120250198,0.6820110975972371,0.6677456277871603,178.63576262085226,-2.5863986636529646,75
catalog_545,Classical Track 545,Artist 45,0.5671261118909184,0.2653104627135371,0.46086560317811454,0.811514397304539,62.241837907709105,-17.00824080813885,89
catalog_546,Country Track 546,Artist 46,0.21883124858709535,0.5648199631621447,0.4617467618070916,0.09236995601360531,67.93596312467027,-14.63441557515999,97
catalog_547,Jazz Track 547,Artist 47,0.5634821303598597,0.36901565956276106,0.3807222313686154,0.8725205318326821,106.8710683463828,-17.315807953172342,60
catalog_548,Pop Track 548,Artist 48,0.6942352588895991,0.273718993124641,0.20373839185656784,0.4401223074450453,173.79919991481066,-0.5919933631322394,13
catalog_549,Classical Track 549,Artist 49,0.4279310033869824,0.7645811385695582,0.08803964943865727,0.7784496854187398,151.8872107884942,-3.729730956744625,28
catalog_550,Pop Track 550,Artist 50,0.31660429604873075,0.716584654300965,0.8326358259735614,0.11445150642064239,64.55533259834748,-14.242925921018161,42
catalog_551,Jazz Track 551,Artist 51,0.08646427884922503,0.397277293410744,0.6728501228233219,0.1386794046955886,89.47901775258225,-5.467382347846053,21
catalog_552,Country Track 552,Artist 52,0.5808870801950943,0.33707121669647466,0.15200051478202414,0.24348186031105112,75.54388475224455,-16.828078172808368,90
catalog_553,R&B Track 553,Artist 53,0.7249974541510762,0.7365873999011525,0.7032121753264814,0.4461900249558004,136.815371112423,-4.295994652132933,71
catalog_554,Classical Track 554,Artist 54,0.296345596837435,0.7016844424344212,0.33753297704519236,0.6580525241737226,164.1019684149034,-12.025411244476379,19
catalog_555,Electronic Track 555,Artist 55,0.748585263476646,0.2910439088346273,0.45378868173976916,0.16981342036541025,82.6256563395768,-3.1762008183836734,15
catalog_556,Pop Track 556,Artist 56,0.9298856489450468,0.2582041880785839,0.3002765991934253,0.5416011917756037,90.00405928430666,-0.8731631711799679,1
catalog_557,Classical Track 557,Artist 57,0.8572601448903853,0.9324467908353312,0.7261513082823042,0.7737067239985201,114.0850094756575,-3.960475326128705,93
catalog_558,Hip-Hop Track 558,Artist 58,0.1481019180299461,0.4422950486102457,0.7709009723698347,0.3584131616043654,88.39068796111398,-1.8514644021816409,25
catalog_559,Electronic Track 559,Artist 59,0.5202997972189921,0.835224786553908,0.39005804322872384,0.2198313715463679,80.58614403252793,-15.453817352455983,91
catalog_560,Classical Track 560,Artist 60,0.010428227220294684,0.04893806325117467,0.25807444224243736,0.8370100222014153,169.19564893627262,-10.531712719500494,49
catalog_561,Pop Track 561,Artist 61,0.8867563384189809,0.06417388601165697,0.5543390036330547,0.030340985371015372,89.39756507737897,-8.673860928048938,75
catalog_562,Electronic Track 562,Artist 62,0.1878761611633385,0.5240624391659883,0.3882546488138199,0.40357417168962384,113.50729922393683,-0.2887838986939393,51
catalog_563,R&B Track 563,Artist 63,0.5793907072080433,0.014912548188663277,0.8843823448331859,0.26424616569406933,181.46853334101422,-18.408873157390417,77
catalog_564,Rock Track 564,Artist 64,0.5185437288718175,0.10779067492349481,0.056959484129771365,0.6678485817222626,94.06881726765295,-18.60567809419133,90
catalog_565,Pop Track 565,Artist 65,0.3386378461074864,0.5899878104534072,0.46475820669027446,0.35902467287064366,62.60494279659029,-2.136188375133152,33
catalog_566,Jazz Track 566,Artist 66,0.1969414913223505,0.11712338137167122,0.4314351153487026,0.1169581021931323,135.07840610071472,-19.827211809051125,79
catalog_567,Hip-Hop Track 567,Artist 67,0.6156058568329191,0.8986375840867855,0.20185269066982847,0.6280624204446896,188.31355038477045,-2.4389565302537086,17
catalog_568,Classical Track 568,Artist 68,0.05676551772716032,0.3681868706339885,0.4331469517528038,0.9051048478633211,83.48506952068405,-19.174244151105174,50
catalog_569,Pop Track 569,Artist 69,0.808529243512477,0.013935376281938083,0.1927305603952414,0.8114817077792814,178.1910444628523,-9.517425230293773,14
catalog_570,Hip-Hop Track 570,Artist 70,0.20769715121789156,0.8138017722636702,0.9612473664891815,0.11889166416070474,195.9125175739488,-1.8424732151341914,11
catalog_571,R&B Track 571,Artist 71,0.2865493326316303,0.19904033406483035,0.3857693158608486,0.9906264877661852,65.95365655130495,-13.742684395475546,52
catalog_572,Pop Track 572,Artist 72,0.2407116736646462,0.011032315437690343,0.14844209699194955,0.6286396463315521,120.42703421977771,-5.0537478628265795,44
catalog_573,Jazz Track 573,Artist 73,0.3689580307222674,0.5996054084270308,0.40247135906935927,0.5477323973543844,112.8218577297325,-6.297763450605336,22
catalog_574,Electronic Track 574,Artist 74,0.02901484700957957,0.04608006129957243,0.4736324558574925,0.900450498855163,116.52719869653023,-7.009892686487916,63
catalog_575,Electronic Track 575,Artist 75,0.9806277123739728,0.7884236429780584,0.26703551257759184,0.40652066441688606,94.89549833818988,-11.29021384410329,94
catalog_576,Classical Track 576,Artist 76,0.32368125355820143,0.7455726690491427,0.04949918494467398,0.1429365317870157,77.21315055415837,-5.78664236180664,78
catalog_577,Pop Track 577,Artist 77,0.4990086821192268,0.70502003318666,0.12669020786938345,0.553378060968534,166.1676475600907,-9.80561581147309,87
catalog_578,Country Track 578,Artist 78,0.5446476265886957,0.27772779912682066,0.8129671565518702,0.3403587861519045,163.00861240987746,-1.934423060524967,75
catalog_579,R&B Track 579,Artist 79,0.6460989771740084,0.5225627355634707,0.3141256386893244,0.08640601615707055,80.67431166227951,-9.569806370580237,70
catalog_580,Classical Track 580,Artist 80,0.3494713509355942,0.22094551986833078,0.749255607869157,0.25836119044773886,97.09578280880777,-17.05587650220675,57
catalog_581,Classical Track 581,Artist 81,0.5444517267657818,0.12386170209171488,0.4461658717603537,0.38538787031097865,174.9858252031774,-17.427965199871153,43
catalog_582,Electronic Track 582,Artist 82,0.6103050957395674,0.5756829107516289,0.46282746107475903,0.22960620611709093,179.31608251787742,-12.844299657086118,37
catalog_583,Country Track 583,Artist 83,0.09207975325921625,0.061522062621738094,0.43685103130253056,0.9842848753321409,80.27965889045942,-11.521236031530721,69
catalog_584,Rock Track 584,Artist 84,0.382437634171899,0.22613798297978938,0.43378815432347484,0.5277790723981288,83.78219182159455,-11.682293606928473,64
catalog_585,Pop Track 585,Artist 85,0.2831430465618785,0.7389474882274092,0.19448104420870171,0.05798347782282043,124.85348092229766,-15.814893058699894,56
catalog_586,Hip-Hop Track 586,Artist 86,0.3682748287911193,0.83263858860308,0.8849495375353715,0.30473684310002236,69.61301617267614,-4.820588867809592,49
catalog_587,Jazz Track 587,Artist 87,0.48818681542458475,0.7722398957373738,0.8082785161529107,0.2048225683959214,165.0900896007101,-15.239377339954615,32
catalog_588,Hip-Hop Track 588,Artist 88,0.02798956735497471,0.18485057674237926,0.20803527601382044,0.3845423974662461,180.48567422191456,-11.31072063627963,7
catalog_589,Hip-Hop Track 589,Artist 89,0.3173013474399857,0.1284631829773797,0.1138778808218851,0.7495406528138334,92.81111757514776,-3.80379606816512,6
catalog_590,Rock Track 590,Artist 90,0.378273325275422,0.4047419430051977,0.7182651997614296,0.6891200990577196,113.66169425762,-17.872878973541283,54
catalog_591,Country Track 591,Artist 91,0.39926489081459504,0.7710162089235266,0.3055797648731309,0.7859102862718859,156.60242545168558,-2.39846661260124,67
catalog_592,Country Track 592,Artist 92,0.19389458476770027,0.8679548364822818,0.06985025049679028,0.8159339776338412,126.03806535571817,-3.3732569813638804,89
catalog_593,Rock Track 593,Artist 93,0.926042296935024,0.6831493979729759,0.8990657465704068,0.62580440361723,87.02899640486916,-8.144520479871476,51
catalog_594,Hip-Hop Track 594,Artist 94,0.04446732736227543,0.7273924046257726,0.5999081190345968,0.6300658446226216,81.8522606933975,-19.09094446403183,65
catalog_595,Pop Track 595,Artist 95,0.12433023300375656,0.03514540091926188,0.20459723149014664,0.5934817906060742,160.47945867344856,-11.41368028439513,33
catalog_596,Jazz Track 596,Artist 96,0.7850231922850313,0.89448453848207,0.5917167385148743,0.027538279358412576,162.19885477639477,-6.305270863687589,65
catalog_597,Rock Track 597,Artist 97,0.21166832913379807,0.11394305175385899,0.489941096225896,0.343483191320227,153.01091598951635,-5.4976244952575914,24
catalog_598,R&B Track 598,Artist 98,0.9555102419093,0.28186913268849123,0.08787772018604956,0.09808308665930987,141.92800095829662,-8.439883883089593,83
catalog_599,Country Track 599,Artist 99,0.49164159572852906,0.031241328293685977,0.1888637019993168,0.10758079566386891,144.30436807862304,-12.623187241214055,26
catalog_600,Electronic Track 600,Artist 0,0.04237675474512903,0.8292905200848312,0.1329366458051212,0.39992953913347973,149.42094629079762,-19.255215664249757,0
catalog_601,R&B Track 601,Artist 1,0.038756646491862945,0.11925551704204074,0.7775819239298473,0.8813330928402634,164.1003911699985,-7.709699336344215,7
catalog_602,Hip-Hop Track 602,Artist 2,0.6179402516731827,0.9234600443319284,0.6493383679728834,0.0031879694493970323,70.63024052453633,-19.01501490801045,40
catalog_603,Hip-Hop Track 603,Artist 3,0.2518245769844796,0.36333049512129245,0.7886530150227722,0.9595028726523585,83.07395191152875,-8.090693373981626,65
catalog_604,Country Track 604,Artist 4,0.16026604414116996,0.5100554040519246,0.08090886120427909,0.08405438251131381,136.3025732150158,-19.10583089675335,6
catalog_605,Classical Track 605,Artist 5,0.9142838489219547,0.8718173335505447,0.5500264329130476,0.449248034093949,79.51508344617646,-18.836239394390496,8
catalog_606,Hip-Hop Track 606,Artist 6,0.09000763722688321,0.8378205957482472,0.6649908635899184,0.36114980151708864,143.62741671031404,-5.954662944737912,60
catalog_607,R&B Track 607,Artist 7,0.9694226237909274,0.8948147023140068,0.6483569343241522,0.5229047935577796,187.27665527390445,-19.43586073285988,21
catalog_608,Electronic Track 608,Artist 8,0.85841304563936,0.9751204915335956,0.5620762418517213,0.1454057953366663,114.26778564714016,-7.177556254877878,16
catalog_609,Country Track 609,Artist 9,0.980979370609114,0.4111033638196998,0.6184779196687942,0.8314065381215411,143.52441986799477,-17.127061036831403,0
catalog_610,Country Track 610,Artist 10,0.0866155877343443,0.9543436250333549,0.6003943336630704,0.027727854690331122,66.2248966826396,-5.2044754568721725,25
catalog_611,Jazz Track 611,Artist 11,0.5710989791578182,0.8629624585861627,0.9319875178923811,0.6497590420678446,124.83006543418375,-13.265657477337227,1
catalog_612,Country Track 612,Artist 12,0.3792393526761777,0.40843729136936635,0.2517975756278561,0.2668240577970996,66.87940531393625,-9.467576211922811,61
catalog_613,Country Track 613,Artist 13,0.8337378828640988,0.53276610593094,0.36540387006716835,0.09890731215716064,196.4126161908613,-15.544446452690622,93
catalog_614,Rock Track 614,Artist 14,0.06848484788328357,0.20606369378205924,0.7752782261176199,0.4198508002631287,197.9689961715676,-18.46514461360398,43
catalog_615,Hip-Hop Track 615,Artist 15,0.09346575887112474,0.024962600516877154,0.590617435778678,0.599887483649534,134.06133824868704,-8.146976738487703,6
catalog_616,Rock Track 616,Artist 16,0.523282946952899,0.3767224820370293,0.9999217354656552,0.45518913960916685,101.83259583783703,-12.22628997220556,89
catalog_617,Pop Track 617,Artist 17,0.1598054727119692,0.8841367379852022,0.3067622421944851,0.657034677134467,118.21436807112701,-9.459188422799494,40
catalog_618,Country Track 618,Artist 18,0.19528982444542486,0.5349036258435563,0.9566044916302237,0.8103392734808231,155.89720768597104,-7.289773995314659,39
catalog_619,Pop Track 619,Artist 19,0.6309566784938295,0.30438635323168506,0.6657883558056773,0.21562418028560915,193.5588797687867,-0.4185599036178864,40
catalog_620,Rock Track 620,Artist 20,0.16248543884245692,0.9492372769814486,0.23879293313097272,0.0527004746695775,96.47939771642515,-3.6289618252609444,59
catalog_621,Classical Track 621,Artist 21,0.5352925748134175,0.747305527932882,0.028889878835061666,0.26933358733644175,147.81045290054485,-11.134461547171796,46
catalog_622,Country Track 622,Artist 22,0.3522998670022679,0.8043329212577224,0.7132118793909766,0.8015532538888241,93.27498967070093,-8.349304690086859,22
catalog_623,Classical Track 623,Artist 23,0.715756870056097,0.2407983094966477,0.9685869694388136,0.8345151843033449,138.962716468061,-17.3286957692893,75
catalog_624,Hip-Hop Track 624,Artist 24,0.11322584512023937,0.4452894365695226,0.874844773718689,0.010766786772442027,124.6368279965918,-15.423411006812891,79
catalog_625,R&B Track 625,Artist 25,0.41532227786982967,0.07287608041901705,0.8261166128622282,0.2985615782207077,142.5251654277276,-18.246655248531184,94
catalog_626,Pop Track 626,Artist 26,0.533154806852826,0.4277614145672587,0.6017552886938925,0.9051961089717706,104.05158181806212,-18.940449671893617,71
catalog_627,Classical Track 627,Artist 27,0.33022851447563273,0.1519637374981383,0.9323413311742563,0.2574352504702462,197.38352724375687,-3.785732381571375,68
catalog_628,Classical Track 628,Artist 28,0.9003583255714448,0.497116131471656,0.3971410650681726,0.7678562965211325,174.0069389789775,-1.81115487626818,0
catalog_629,Jazz Track 629,Artist 29,0.7517543625200417,0.7665305699098912,0.9997866883551472,0.8127295088817889,110.40741709409983,-2.1612925377877055,5
catalog_630,Jazz Track 630,Artist 30,0.13779146097818906,0.4571739637233263,0.6893950887394463,0.6535644918382355,146.00495136923712,-9.296717825988308,61
catalog_631,Rock Track 631,Artist 31,0.43095613352011364,0.598274613493678,0.1643009150567617,0.9444699676727504,68.19248615102981,-11.534972457550946,75
catalog_632,Electronic Track 632,Artist 32,0.16537152358583218,0.6775573275973152,0.8823255636335098,0.2081128796838363,78.50197831376394,-12.02335328037524,90
catalog_633,Pop Track 633,Artist 33,0.40809324124786206,0.9839984856565448,0.5491978436752178,0.8607598619102997,136.01273297866783,-4.015187476375425,19
catalog_634,Rock Track 634,Artist 34,0.662294264410361,0.9873202110235204,0.3899732938393591,0.22721555719706765,84.57776717233338,-11.263789602534137,78
catalog_635,R&B Track 635,Artist 35,0.5294423476831931,0.4615915053040015,0.11626424173672256,0.24659120449833039,117.05116697549906,-1.2332411796925555,85
catalog_636,Rock Track 636,Artist 36,0.5194497709282746,0.4808313157868188,0.14321994778989267,0.9981096026601645,96.1794177841573,-5.614307204828579,32
catalog_637,Pop Track 637,Artist 37,0.48054228293082735,0.9893201709767709,0.2230779204664174,0.8968627054377706,61.2281138670127,-16.400920411540575,2
catalog_638,Rock Track 638,Artist 38,0.700450176957967,0.5154908658393229,0.8693581004515487,0.7484194606716406,186.55046361136846,-10.546911612793977,55
catalog_639,Jazz Track 639,Artist 39,0.7345455217769256,0.40056361795045115,0.8096307200345227,0.2996160772319143,145.9909772513618,-6.673539477734632,98
catalog_640,Jazz Track 640,Artist 40,0.15466615291551433,0.20130064758205468,0.08842565103705102,0.024372922361251104,68.90810005761888,-0.6834326825280961,27
catalog_641,Pop Track 641,Artist 41,0.08627170969032683,0.5844109061802432,0.8541107506250691,0.3317738340956836,87.65498714808649,-2.3837634014886113,92
catalog_642,Pop Track 642,Artist 42,0.5757874670391995,0.2498060348372807,0.6640077033254428,0.7174412190989382,188.32366755268785,-16.839028860533716,34
catalog_643,Classical Track 643,Artist 43,0.47978450366008263,0.6105480263085882,0.5453355680309181,0.41684155420966773,128.30587906616836,-18.20230053374911,64
catalog_644,R&B Track 644,Artist 44,0.49827094375023273,0.389485153792103,0.7384552613403824,0.19304871111905486,113.70752235250012,-16.67325720211034,7
catalog_645,R&B Track 645,Artist 45,0.25625686595435015,0.873452961145772,0.9467325976860125,0.40954241904108823,141.33685977480457,-17.7395743580107,31
catalog_646,Hip-Hop Track 646,Artist 46,0.8405568629305765,0.35762068603292674,0.6254063678220594,0.6028587945850524,199.71871025180567,-13.095867723585302,14
catalog_647,Hip-Hop Track 647,Artist 47,0.4102022684879989,0.3330557164270552,0.9012206451086111,0.43386009440967066,64.38085639538906,-19.365476685299452,82
catalog_648,Classical Track 648,Artist 48,0.5951550955815427,0.38630455511502326,0.4598244820018431,0.39510996980717283,121.8258123158385,-9.895821041006398,52
catalog_649,Classical Track 649,Artist 49,0.27226191633611263,0.056641711959970586,0.08069146132896221,0.8883189543630571,110.29241239805881,-5.801070792679981,53
catalog_650,Jazz Track 650,Artist 50,0.14334904617364275,0.5174338681938583,0.33378394435729397,0.5494711105174226,82.72241177684032,-0.1700113675039674,34
catalog_651,Jazz Track 651,Artist 51,0.3519184169662478,0.27585584121630324,0.989421238843772,0.6836902818159494,62.189896201914685,-2.724599182600965,78
catalog_652,Hip-Hop Track 652,Artist 52,0.825487696492018,0.8799635797821451,0.019659908438916074,0.27484630204926797,121.08496953400225,-15.82863920291832,25
catalog_653,Country Track 653,Artist 53,0.48861237996242113,0.8226328629876957,0.06783133111493078,0.522507392470707,108.18501018733622,-18.31040587384234,63
catalog_654,Electronic Track 654,Artist 54,0.65656305837783,0.594317587516102,0.46392810379949734,0.09690101777165516,151.31122027472657,-10.502021654372001,65
catalog_655,Electronic Track 655,Artist 55,0.5576268453354749,0.2307447428378352,0.9437592554499705,0.4682543262476083,75.40027329073796,-11.6511880389569,57
catalog_656,Classical Track 656,Artist 56,0.7329086168395579,0.021895143492438485,0.11207944748159582,0.6366336283130215,101.91999680033081,-15.852669979050907,20
catalog_657,Hip-Hop Track 657,Artist 57,0.29403183173018543,0.14219762238540856,0.6256944159703687,0.5727452888127401,116.82166486403099,-14.007153144133087,67
catalog_658,Rock Track 658,Artist 58,0.6095879713653396,0.38999188873053336,0.8281055421998763,0.1436526465031669,111.76519505298717,-4.494613504685995,16
catalog_659,R&B Track 659,Artist 59,0.6600702037422789,0.07215582653523822,0.8904001597867642,0.17348540839440763,151.85391627683015,-10.765664543793198,10
catalog_660,Country Track 660,Artist 60,0.33227561907673087,0.6637261338839178,0.4052058375373949,0.21211219792185265,112.92571855745908,-17.335564428212287,67
catalog_661,Rock Track 661,Artist 61,0.6134717341889034,0.13035597874456284,0.24091809410431164,0.7432175154184051,125.97764777694587,-15.82049636588657,10
catalog_662,Electronic Track 662,Artist 62,0.8253242888125898,0.8414550560834367,0.660488818798505,0.5980177020120244,109.41260324897647,-15.226279606993518,21
catalog_663,Rock Track 663,Artist 63,0.26496332114131194,0.5577517668536888,0.7439033365894734,0.3752324579560924,159.48813623204796,-6.482783392731585,95
catalog_664,Jazz Track 664,Artist 64,0.8644755478251114,0.08514718828515377,0.965534249223635,0.09320526441286492,137.80588168358827,-1.7830486064176618,12
catalog_665,Pop Track 665,Artist 65,0.5571343627021536,0.5415516746314155,0.0063065126716261855,0.9430559100135922,159.82989331826383,-14.160763701884937,11
catalog_666,Electronic Track 666,Artist 66,0.6661774012789121,0.40382459417224836,0.9314713402301901,0.5209961007078989,172.64174225812923,-10.81063322737539,80
catalog_667,Hip-Hop Track 667,Artist 67,0.8126378218739384,0.60680231004674,0.6727000621935894,0.5655029692739317,131.63906039062988,-14.14184440560196,58
catalog_668,Classical Track 668,Artist 68,0.7899209321328923,0.2721941891970162,0.7242589596492506,0.7984602267059487,88.04968465397323,-5.034744256109146,33
catalog_669,Hip-Hop Track 669,Artist 69,0.1260004844444752,0.02567405705867387,0.29341251430714044,0.49127744361619563,185.1865799911118,-3.5088771854927465,5
catalog_670,Classical Track 670,Artist 70,0.03752467924297653,0.9940670199424889,0.8655777851662335,0.7663299662567895,178.23032841131197,-19.484863922975233,7
catalog_671,Rock Track 671,Artist 71,0.5220839712485662,0.8675617107978969,0.6655257853625565,0.9898752277418995,124.83774559650168,-8.04506152666799,19
catalog_672,R&B Track 672,Artist 72,0.7842107874459155,0.6896960033729777,0.38949378405611945,0.5753172421952439,71.37266625867922,-8.198594997254121,0
catalog_673,Rock Track 673,Artist 73,0.6845579559665602,0.46991807919870265,0.5078527404143398,0.8851793056641253,178.24548706222816,-13.979274067351819,36
catalog_674,Rock Track 674,Artist 74,0.4390958579380173,0.26464586095912124,0.33116803523099425,0.9742638806239348,195.53512870475382,-10.712386739282154,4
catalog_675,Jazz Track 675,Artist 75,0.7854181033880622,0.25539503986776424,0.7289417531195935,0.746259877865257,160.56676782413706,-9.56537105363105,16
catalog_676,Electronic Track 676,Artist 76,0.1854949053084889,0.5375346501317355,0.3640891328644136,0.359923951124298,181.4201892112284,-14.941867980936296,60
catalog_677,Classical Track 677,Artist 77,0.6443068729735287,0.8974919038992961,0.6236381797404768,0.6806087667337628,105.20519947908463,-6.080797184934015,14
catalog_678,Electronic Track 678,Artist 78,0.022150286161290222,0.9770696648199474,0.15649136101614125,0.49580494242223083,191.16144154782944,-11.503608137996773,27
catalog_679,Hip-Hop Track 679,Artist 79,0.6228591813877253,0.6418761783600165,0.08058387909813935,0.13459349835164558,61.18950234529386,-9.421788939233743,83
catalog_680,Jazz Track 680,Artist 80,0.07779033187632611,0.2889598743360403,0.9062222871909703,0.1749164154977052,145.92367853512798,-2.743335929699761,40
catalog_681,Jazz Track 681,Artist 81,0.006322518350925899,0.20541715360563628,0.9451987423550553,0.5048372173534325,185.94562835184496,-1.0237198228834927,31
catalog_682,Electronic Track 682,Artist 82,0.5006009992143369,0.20081775139563396,0.13986111095967735,0.5756833995385516,96.61382680266011,-7.261500050059173,42
catalog_683,Jazz Track 683,Artist 83,0.6969464007372459,0.09217751403484409,0.10331451915106571,0.07154079874341324,123.05461778937516,-16.7275102983377,82
catalog_684,Jazz Track 684,Artist 84,0.21712052664849102,0.11926886971912021,0.4458972232737566,0.8576915945335943,180.53235712598308,-4.30792985268053,54
catalog_685,Electronic Track 685,Artist 85,0.28813932275193366,0.09217981831203925,0.3278737644101537,0.26063842990731023,145.39540370420008,-4.241527377187564,31
catalog_686,Rock Track 686,Artist 86,0.01954556013764186,0.9865270016653533,0.7122115527221675,0.013383571284576345,109.2702492039616,-2.442032439195824,13
catalog_687,Jazz Track 687,Artist 87,0.7431809590148741,0.0050248650004728335,0.8800284162504182,0.46337535454273704,82.55654514808107,-5.950226747134153,94
catalog_688,Hip-Hop Track 688,Artist 88,0.047573383454205254,0.8401424651858084,0.05763683426611488,0.1980439154622774,184.53467116370194,-1.242867050801891,1
catalog_689,Pop Track 689,Artist 89,0.620883633772547,0.0865174873904706,0.3320977015666883,0.38306703262136943,74.08704074639002,-12.388224151967863,24
catalog_690,Pop Track 690,Artist 90,0.9753208720429376,0.24879674838525,0.8828542585935533,0.808968945085754,72.77359780657116,-15.190659904604516,13
catalog_691,R&B Track 691,Artist 91,0.3446653352928625,0.8332622195565829,0.41619179631529524,0.4112459478944027,196.5465976560338,-13.990376114094127,11
catalog_692,Classical Track 692,Artist 92,0.9970871331797334,0.06028912434102185,0.6813971664972014,0.9408319851160075,191.87690727613358,-14.850863682364215,55
catalog_693,Jazz Track 693,Artist 93,0.980401255847619,0.9537827102669758,0.9852170026690429,0.2914228553743774,96.98348690497744,-11.745238846237303,84
catalog_694,Hip-Hop Track 694,Artist 94,0.28516873093286355,0.09419239301073112,0.16134206404191775,0.3799943818862086,138.2067031870007,-17.717672903427218,7
catalog_695,Electronic Track 695,Artist 95,0.2175274156933764,0.39748613848584835,0.25559312058627914,0.5145427254304473,150.28950029466284,-18.144915377152504,39
catalog_696,Classical Track 696,Artist 96,0.7151922728626648,0.42517231102823483,0.01279774834855596,0.42605240297827773,191.39175128199685,-16.665399397320044,6
catalog_697,Classical Track 697,Artist 97,0.7779798784021558,0.1335158299170458,0.8773869848884229,0.4784300740436953,115.35525127848204,-12.391948896164065,56
catalog_698,R&B Track 698,Artist 98,0.9857374174072562,0.576560455376552,0.6104700611401188,0.1903888449406168,128.52445903874946,-13.45941443198342,45
catalog_699,Rock Track 699,Artist 99,0.8517256500197029,0.47267202293933996,0.42782796512012033,0.8686363245261426,172.87568469531675,-16.897053384992176,88
catalog_700,Pop Track 700,Artist 0,0.7588774025984977,0.6980181844262958,0.11596274582958899,0.4877346396276063,179.58654099176016,-2.350235303268093,52
catalog_701,R&B Track 701,Artist 1,0.9225509815462479,0.6178288563581757,0.6255287889261638,0.3377223997397525,128.46937282633297,-6.16160075187862,2
catalog_702,Classical Track 702,Artist 2,0.15858291618954468,0.9475799663232418,0.17613124278106362,0.720124909612184,93.56272000780288,-14.629009930694046,40
catalog_703,R&B Track 703,Artist 3,0.9420833841676532,0.8417107972648182,0.4185483993471272,0.3215641954246783,122.0645502939702,-18.43958526944587,63
catalog_704,Jazz Track 704,Artist 4,0.6169895217030582,0.0985779059364621,0.33231246740208964,0.018868601617476832,183.88819056457103,-5.982947515192034,72
catalog_705,Electronic Track 705,Artist 5,0.13727876797004857,0.8153499201210606,0.28572903218434687,0.9775673784573166,135.08784154187367,-14.994966825684045,59
catalog_706,R&B Track 706,Artist 6,0.5772046380315322,0.5592860053913558,0.018565787522933253,0.9650753222687614,131.0796446967372,-6.354976151162816,93
catalog_707,Jazz Track 707,Artist 7,0.06239794987327196,0.004636490210947808,0.8263407336084532,0.9992425696943291,63.912920637396695,-11.528842345576521,53
catalog_708,Classical Track 708,Artist 8,0.874076160564745,0.7584321205444331,0.29025342556152844,0.0476382932198951,100.45963445525798,-16.856048290242853,36
catalog_709,Country Track 709,Artist 9,0.5338514336558748,0.9567247659199443,0.7363732479114737,0.027449692666690617,90.58282463671911,-3.345844399844136,64
catalog_710,Hip-Hop Track 710,Artist 10,0.0466670188779863,0.8188554810139363,0.5188465611816323,0.4472395578688354,146.76764392026706,-15.080199506714385,24
catalog_711,Classical Track 711,Artist 11,0.10723411293986329,0.04995705606509859,0.281069693484285,0.08554114077967645,101.03752471309286,-16.577684510892915,69
catalog_712,R&B Track 712,Artist 12,0.3038236734468891,0.4276092851458173,0.7486873126573643,0.8525512943382463,163.4506390550933,-2.642411030827713,14
catalog_713,Hip-Hop Track 713,Artist 13,0.9226337265983644,0.8198448715410733,0.1755226877305326,0.08333228583835917,182.58641190027072,-0.4717161014896405,22
catalog_714,Jazz Track 714,Artist 14,0.4177702784040631,0.5951195252431258,0.14663760734361964,0.03384529908432665,178.00225208894665,-14.8160656847364,30
catalog_715,Jazz Track 715,Artist 15,0.7231952840968253,0.005385505436184546,0.47889800659014403,0.09456773317309008,198.94837774557516,-10.2708861640617,67
catalog_716,Electronic Track 716,Artist 16,0.17841166930540153,0.8012219633797466,0.5813955449894876,0.1971927351225774,93.45312932340582,-13.484440339596746,54
catalog_717,Pop Track 717,Artist 17,0.5687333737769737,0.22008458659162988,0.6566906989677497,0.14559549177001996,164.98642022223552,-0.8612747929707041,72
catalog_718,Jazz Track 718,Artist 18,0.5721405371216386,0.9756088754184069,0.8116295521636094,0.23706542133006936,144.93235233120555,-17.384892661740267,35
catalog_719,Rock Track 719,Artist 19,0.7676228860846867,0.4958291128777115,0.9983451362173836,0.16177219384131558,93.4941967541147,-3.2061514074400144,0
catalog_720,Rock Track 720,Artist 20,0.4651176300579807,0.3211600818742465,0.2933937306078802,0.5518859872585207,63.99390340912787,-4.172330887606607,89
catalog_721,Pop Track 721,Artist 21,0.28424978352130226,0.17791921149714474,0.18361935385468642,0.5895540804550263,60.267887742769595,-0.1259119554774628,77
catalog_722,Hip-Hop Track 722,Artist 22,0.652299370276023,0.8317809659676654,0.4377293388148389,0.8622539232037669,114.92058770325679,-4.682455972433701,82
catalog_723,Classical Track 723,Artist 23,0.366550176780695,0.7536625997428765,0.6657195691183379,0.6497093826292124,186.12347662392716,-3.0563432404502073,59
catalog_724,Jazz Track 724,Artist 24,0.9517807677928191,0.18095179062381128,0.5938535806434104,0.6646060064000118,148.2870710610502,-17.870848811886376,18
catalog_725,Electronic Track 725,Artist 25,0.43650173322279895,0.8593121815061114,0.2923079170987256,0.6778842491966783,69.39121801241205,-9.532968162787185,36
catalog_726,Pop Track 726,Artist 26,0.2711241787432982,0.07334501810796445,0.3641928058751269,0.7061710114053711,167.09286626891563,-4.72591198138181,62
catalog_727,Pop Track 727,Artist 27,0.4329191044002172,0.6033821649996391,0.3698168578971912,0.8824455698501029,110.85968882081109,-8.478231772993155,50
catalog_728,Hip-Hop Track 728,Artist 28,0.7244466122418362,0.9262381893308683,0.9296564557983598,0.9657123920137561,197.84640023548496,-16.98507612526757,37
catalog_729,Country Track 729,Artist 29,0.11081467445722604,0.002756686587442325,0.7613850234397325,0.22286492101526745,105.46633017965333,-11.58665663388005,49
catalog_730,Electronic Track 730,Artist 30,0.6856944382980914,0.5754114728226251,0.15381389735494166,0.671474628586801,171.0476972652048,-13.160502239532994,27
catalog_731,Rock Track 731,Artist 31,0.23626996280077406,0.6686227609458796,0.8558323193704649,0.9608853233505169,85.68879781498254,-3.2438953626491234,82
catalog_732,Pop Track 732,Artist 32,0.23425242361820575,0.15105060582635377,0.6690536593118745,0.5862913133471885,191.74780923457595,-6.885707818072186,70
catalog_733,Country Track 733,Artist 33,0.053909902325140036,0.5139215057398796,0.1833404029071638,0.07586714017394935,188.98508812673828,-19.44656700756104,32
catalog_734,R&B Track 734,Artist 34,0.8397816637728133,0.9366779129912807,0.5357719222892113,0.8701591526758988,180.90260271524699,-4.798334393748988,61
catalog_735,Rock Track 735,Artist 35,0.3549203586906332,0.4765267673705198,0.14909369236889158,0.38844379224098924,118.03403044016221,-18.994266519534023,48
catalog_736,Hip-Hop Track 736,Artist 36,0.7365303856790602,0.9428267213846252,0.06845383789593251,0.21788392927015443,114.77896684110442,-8.647198680140338,32
catalog_737,Electronic Track 737,Artist 37,0.9912007182404526,0.27190583493906684,0.8245498915087734,0.3977932080701656,126.69918469895582,-6.142301808286476,39
catalog_738,Pop Track 738,Artist 38,0.7456933248074736,0.47832865357316556,0.43638802545311983,0.1544949972724824,108.2338131219388,-1.2531903691009738,7
catalog_739,Hip-Hop Track 739,Artist 39,0.9569642140785803,0.6487683565162263,0.8513601609713154,0.6756807374587732,196.31619118210244,-5.383503030027745,5
catalog_740,R&B Track 740,Artist 40,0.7953879674696631,0.4486552164401395,0.21233723319990117,0.41110393742285145,70.96879173464387,-1.7324771084736241,66
catalog_741,Classical Track 741,Artist 41,0.1617926791920382,0.5413020336462147,0.11511372321787494,0.7147304669091741,112.8566986311874,-4.611168789064111,7
catalog_742,R&B Track 742,Artist 42,0.582451699442135,0.2436031154119458,0.6213109509959609,0.29119210984180655,168.29940432342997,-7.065118767416092,20
catalog_743,Hip-Hop Track 743,Artist 43,0.6971361690286391,0.0429359975130732,0.5685050212052692,0.43228573512820845,156.04278565460646,-14.830645225057872,89
catalog_744,Rock Track 744,Artist 44,0.41432167775488893,0.9287493138923026,0.9426833995443068,0.11828737786907384,122.11820133264118,-9.343894885783424,90
catalog_745,Electronic Track 745,Artist 45,0.07635606783284621,0.03507950070580834,0.32451933087342855,0.3311021689045922,185.1697229971951,-2.420754594931445,73
catalog_746,Classical Track 746,Artist 46,0.6209026664101788,0.3153959732620276,0.6972765225371741,0.5336983507340314,60.757577514073596,-3.714205406956385,97
catalog_747,Jazz Track 747,Artist 47,0.9220131637541459,0.3108455287677325,0.8815521666059195,0.719163964042958,90.58403412558866,-11.235264835682885,62
catalog_748,Country Track 748,Artist 48,0.5325617660841496,0.05601350874683553,0.302317752993875,0.7283256032283265,79.68184009826017,-12.432841324507475,87
catalog_749,Jazz Track 749,Artist 49,0.11471261085151441,0.34860783575132714,0.24307257851306907,0.6286817268004183,179.09839463286633,-2.1789219460928813,78
catalog_750,Electronic Track 750,Artist 50,0.35674220093697295,0.9799410330887143,0.9910361833643397,0.1687201144175049,98.87605590157722,-10.002751020540323,84
catalog_751,R&B Track 751,Artist 51,0.46391712446834665,0.8196567468868012,0.06143637461031215,0.7897728855995861,120.69093104726417,-12.874306030790182,48
catalog_752,Jazz Track 752,Artist 52,0.04337006305347868,0.978828014046823,0.8947535833430448,0.6412201967132811,63.0969138485334,-16.407164050870787,58
catalog_753,Country Track 753,Artist 53,0.10688565021278085,0.9712971575414142,0.4736349077506933,0.8312985012518059,176.59637430665163,-0.0887589097515793,0
catalog_754,Rock Track 754,Artist 54,0.1105851463652201,0.3593842612474826,0.07416887331142652,0.1969287392399086,116.07463442864305,-0.9488573912357943,27
catalog_755,Hip-Hop Track 755,Artist 55,0.8929722383463498,0.7541322380577207,0.18422726089508823,0.3430674227040502,180.647351105668,-17.96501002974379,20
catalog_756,Country Track 756,Artist 56,0.4401669347405116,0.41608013403406363,0.3102408160757226,0.5447534471620773,122.52973923221178,-17.111620933659353,74
catalog_757,Rock Track 757,Artist 57,0.29152672002927393,0.4875262377538063,0.8400567289463426,0.3266868876192258,154.44312708486962,-15.1038241059535,57
catalog_758,Electronic Track 758,Artist 58,0.5945845583588828,0.14930781774663549,0.8417422011307764,0.0033703984409954035,164.0273398805415,-0.12285991798768237,93
catalog_759,R&B Track 759,Artist 59,0.20871853485557035,0.8490231657681941,0.8163833350773287,0.22830136385606636,170.89972120888334,-5.371727211417552,90
catalog_760,Pop Track 760,Artist 60,0.8333858207502232,0.5187828535521528,0.6787606308951203,0.3176784083797821,81.03750785448271,-14.15495203892778,69
catalog_761,R&B Track 761,Artist 61,0.8838835344686581,0.20998895291662134,0.9850201961433404,0.15973986511317317,131.28653256657486,-16.586686723483705,22
catalog_762,Country Track 762,Artist 62,0.9983919056075473,0.9877789298546094,0.08141959486706529,0.1487582056514657,78.65678961301799,-2.8357613338321457,37
catalog_763,Rock Track 763,Artist 63,0.7556958225480733,0.19171256148239602,0.9771127526651695,0.6499345784048586,131.64132113659025,-0.8020212647674221,83
catalog_764,R&B Track 764,Artist 64,0.9914300937792898,0.564018849730277,0.10175197305035544,0.9683143034385088,90.48843508725645,-1.6942035693592281,31
catalog_765,Pop Track 765,Artist 65,0.6651731525610098,0.17475157819438047,0.8962430043908358,0.8534375368251225,193.68326826095537,-15.486072250201225,67
catalog_766,Jazz Track 766,Artist 66,0.5115141788773025,0.004260226831191982,0.5447215481392422,0.2853780112742067,141.5523243017807,-19.233442384026635,83
catalog_767,Country Track 767,Artist 67,0.4765279600705349,0.4883935318770244,0.09467787959684526,0.6910447516373603,170.18752405408515,-7.769726644432389,60
catalog_768,Hip-Hop Track 768,Artist 68,0.37958428242057896,0.10504537841553041,0.9433078449167497,0.1237375071393304,68.55866639544999,-6.560671195856235,55
catalog_769,Country Track 769,Artist 69,0.5778561727242061,0.6248155859012903,0.033704763160115836,0.9168459170523878,70.1894960044781,-8.357442582997304,35
catalog_770,Country Track 770,Artist 70,0.6130884945816157,0.14913401885876498,0.43662644185400545,0.6130461147695173,142.56389931395853,-8.446940790059951,14
catalog_771,Electronic Track 771,Artist 71,0.28025707395521116,0.4001644018064838,0.8414167525931169,0.03887762935455752,110.23486882824292,-1.8678130098879713,31
catalog_772,Hip-Hop Track 772,Artist 72,0.45490819947884287,0.6171515959221988,0.8281760775460354,0.005187158188161178,61.581341851804424,-11.921587378303748,81
catalog_773,Jazz Track 773,Artist 73,0.5959970056852053,0.058533062065863284,0.594844975398168,0.9609857176063284,187.72648153936325,-9.196836651944988,10
catalog_774,Pop Track 774,Artist 74,0.6195241401809242,0.6243199810453482,0.9482851902477181,0.25884507006363733,85.42976089985325,-13.913416335048815,6
catalog_775,R&B Track 775,Artist 75,0.44232817937999436,0.5753869770217083,0.3288323493437699,0.2582880451878118,134.98779693451814,-16.022366816766382,78
catalog_776,Country Track 776,Artist 76,0.7354487705133734,0.9409130698432163,0.9930100562634692,0.37968892566167545,74.61270416364836,-12.327502189919805,94
catalog_777,Jazz Track 777,Artist 77,0.3356804893804185,0.4524704168796847,0.02884430378580416,0.23510665188018598,154.84988766517745,-12.205914111933883,91
catalog_778,Pop Track 778,Artist 78,0.3494941422349196,0.2690422519890092,0.2533029091663137,0.7727505232141149,176.28811552159527,-18.823602707374782,72
catalog_779,Pop Track 779,Artist 79,0.8278329189870351,0.32260451812092195,0.9387812291542185,0.9389995736455599,135.52749073967505,-14.114387377708809,24
catalog_780,Rock Track 780,Artist 80,0.9570604397769956,0.7605960716477571,0.9582561152160008,0.6956655276156036,175.66430196388455,-11.88814248396157,17
catalog_781,Electronic Track 781,Artist 81,0.6313156433877667,0.023555376364958303,0.2033876791445326,0.3274789733171687,69.17038298435962,-1.7053360125462618,77
catalog_782,R&B Track 782,Artist 82,0.6506811234984026,0.3803061578295063,0.7798170169848896,0.30272877945702426,184.09984557783662,-1.706568407564383,24
catalog_783,Hip-Hop Track 783,Artist 83,0.784044816327768,0.553562318851993,0.4707919913499664,0.7412813356042687,69.19577002151809,-15.822355839876261,6
catalog_784,R&B Track 784,Artist 84,0.9740055960371214,0.722903282151666,0.4883474259884092,0.6830784340376581,75.17176560967609,-18.802561786022338,40
catalog_785,Jazz Track 785,Artist 85,0.37786489106124266,0.9608583945755499,0.06923106190349837,0.110562068924137,88.20697286086471,-16.79573918121318,32
catalog_786,Pop Track 786,Artist 86,0.3857441972774862,0.9261231166715643,0.1681602192385112,0.3341402947807336,160.48409521605174,-18.250160203288853,74
catalog_787,Hip-Hop Track 787,Artist 87,0.8234209112165268,0.44712252661732943,0.6667464868500542,0.852183812322102,149.01088575362155,-13.710893970644465,0
catalog_788,Rock Track 788,Artist 88,0.6598599299255934,0.014799867698113367,0.12306243139405904,0.467961332350706,105.82530695492218,-7.276726593034471,48
catalog_789,Classical Track 789,Artist 89,0.31637307533610093,0.6238206891542452,0.9360914316794,0.10941399981369149,77.50795414549374,-3.777874380053735,80
catalog_790,R&B Track 790,Artist 90,0.7446800952061551,0.6965592377109519,0.17799495291420153,0.4459328670750343,164.38378697171493,-1.4975414079631406,43
catalog_791,Hip-Hop Track 791,Artist 91,0.18087569907096002,0.936830251576032,0.8499283303407851,0.6550075792995173,70.08486171390956,-19.58879814047274,82
catalog_792,Country Track 792,Artist 92,0.8475360065087955,0.04484076903618295,0.42396110758158445,0.2055351562112976,67.08551081005936,-17.480247540082686,23
catalog_793,Country Track 793,Artist 93,0.9979697526234007,0.5880561024862698,0.0678870987146808,0.299299105900363,131.1548624212615,-10.93702588279433,23
catalog_794,Electronic Track 794,Artist 94,0.9812663496836957,0.8132073243874404,0.22089047779250925,0.8115495041589457,99.02834543383393,-9.786892513328345,24
catalog_795,Classical Track 795,Artist 95,0.2858384494784614,0.48814893938554604,0.44467400315253447,0.5286162476542413,173.51092097431234,-9.161108104006345,46
catalog_796,R&B Track 796,Artist 96,0.7234412947957459,0.5865343884848787,0.84507957408481,0.895968058639504,88.06082671483159,-5.2934890397158405,56
catalog_797,Country Track 797,Artist 97,0.7957859107632399,0.15364626884527188,0.4727589090656441,0.4165520085313372,125.40054738741743,-7.084663967295217,92
catalog_798,Classical Track 798,Artist 98,0.04711139821883048,0.541414876031457,0.8435235516957477,0.5077067487031736,120.0099082818458,-7.432350227787774,16
catalog_799,Classical Track 799,Artist 99,0.9888800522087298,0.40150605083597835,0.8514189262332305,0.44704761499434775,182.06498759012126,-7.742534989831391,52
catalog_800,Pop Track 800,Artist 0,0.9291590916245681,0.4365019170584221,0.2972841611551462,0.7772946522196568,95.91218272736475,-17.804606903826812,21
catalog_801,Hip-Hop Track 801,Artist 1,0.39443388519210154,0.48104900945670515,0.0383088139038994,0.5462628786331952,175.61371142417522,-19.526576489034117,64
catalog_802,Pop Track 802,Artist 2,0.5433615796265465,0.23061851280682888,0.5724731843112868,0.3931358748490251,198.48496199730326,-10.03675136437102,8
catalog_803,Pop Track 803,Artist 3,0.8587433861289763,0.9745637174806111,0.3184693895622168,0.9588397542837821,113.0550603040083,-8.148267692094084,43
catalog_804,R&B Track 804,Artist 4,0.21813551780480855,0.05375842988442292,0.8866732460400611,0.3509377101183103,131.83259981187393,-6.617768437172252,43
catalog_805,Rock Track 805,Artist 5,0.5979205673066044,0.046112421386241054,0.8889597529284291,0.24351130810608457,134.8968060200785,-19.73762205452665,3
catalog_806,Pop Track 806,Artist 6,0.6793769899074364,0.3472105618492074,0.5364221680551551,0.49498068297677467,148.57381119892165,-11.29804268418354,97
catalog_807,R&B Track 807,Artist 7,0.7207936609626723,0.8164784697022731,0.10721637314412802,0.1424816537512631,101.17250027677355,-17.33947129538903,31
catalog_808,Electronic Track 808,Artist 8,0.13078968858828854,0.5604210823023552,0.7817733145642349,0.6558030345432267,151.77600179821843,-12.638368159621145,37
catalog_809,Jazz Track 809,Artist 9,0.052824130659434476,0.39856428967558344,0.5511247538754683,0.28062494419217876,193.50449521933658,-4.301567981595603,71
catalog_810,Country Track 810,Artist 10,0.41338518842985494,0.858771047675368,0.20332787379410722,0.7884999398899145,192.07821312137918,-0.18843943636262495,23
catalog_811,Jazz Track 811,Artist 11,0.9311484084009525,0.5376262899715645,0.2825724973339472,0.475120587125617,105.35261216204071,-6.454968108840779,48
catalog_812,Hip-Hop Track 812,Artist 12,0.9104535629974149,0.14745393401527918,0.986216888175292,0.09369038711928357,91.10217539325554,-12.773124340327382,39
catalog_813,Hip-Hop Track 813,Artist 13,0.20716395673053078,0.3712306880160483,0.4696061446291252,0.8285912936194437,152.70329189469135,-5.709923549707925,97
catalog_814,Electronic Track 814,Artist 14,0.318751802689739,0.6493468453958542,0.0780373168543761,0.34319691630509686,108.81919275753089,-0.6802098591673591,65
catalog_815,Hip-Hop Track 815,Artist 15,0.5289109039106373,0.4426865731788372,0.9690604372140783,0.7345473713205971,103.02808689158469,-10.262603281294236,81
catalog_816,Hip-Hop Track 816,Artist 16,0.7609571075650692,0.6848781689661078,0.3356896025464392,0.16816498589955664,60.64851438055028,-19.36322519594517,99
catalog_817,Pop Track 817,Artist 17,0.7091633393104951,0.5350850551168767,0.4495424379681364,0.5170283803183223,146.36807197783583,-18.976307940478332,34
catalog_818,Country Track 818,Artist 18,0.9892110108569712,0.34709063219669256,0.41105852619985384,0.5122874906656287,100.08276740024192,-11.099707337417522,19
catalog_819,Classical Track 819,Artist 19,0.5527449356869625,0.7247028043559093,0.13841914727767313,0.6277385737791933,166.08391414462938,-1.857509276285903,29
catalog_820,Pop Track 820,Artist 20,0.5772834507672756,0.9279683495047812,0.9772310433087504,0.5845336471094241,146.51959580425307,-9.354101757088289,11
catalog_821,Electronic Track 821,Artist 21,0.8966544904327005,0.03092077373730462,0.3849421030369691,0.4411586287155036,98.88346293966632,-19.368795391905657,95
catalog_822,Country Track 822,Artist 22,0.06357114903800187,0.5140096883193204,0.44124504962280187,0.7571954025056712,73.19629924702984,-13.57360321692723,66
catalog_823,Hip-Hop Track 823,Artist 23,0.6345846017635071,0.624901381970703,0.26573350991692635,0.7254506737334582,121.86688419836905,-19.707628133435318,68
catalog_824,Jazz Track 824,Artist 24,0.6861260655358431,0.10448909157608444,0.952079132445807,0.7987652659720919,174.99275560136456,-1.2918968012400498,41
catalog_825,Electronic Track 825,Artist 25,0.33315429092964444,0.3939333523635139,0.4562215463090026,0.5538450262775845,76.34365588333549,-7.318754285590419,9
catalog_826,R&B Track 826,Artist 26,0.3266586203523323,0.519730240731633,0.4591070057269968,0.16316674023571698,68.08906589812226,-16.615309337613603,24
catalog_827,Pop Track 827,Artist 27,0.0240536773022062,0.2056495725831453,0.8512735341213293,0.5067042734772009,117.41389249113448,-12.21695070152538,26
catalog_828,Electronic Track 828,Artist 28,0.4276419022236939,0.7822842371042609,0.3733888934092152,0.5947006821685065,158.33887736391736,-11.558186119515362,79
catalog_829,Classical Track 829,Artist 29,0.027340385603717543,0.3213343118641421,0.3212325855418353,0.8996131009486475,87.52004490335563,-5.500592958873224,0
catalog_830,R&B Track 830,Artist 30,0.22234967228532088,0.3266677325926931,0.2590063369332549,0.7091281841353977,182.40939652031892,-9.03248112797215,70
catalog_831,Classical Track 831,Artist 31,0.7744267106693584,0.06938839319212098,0.450897712516513,0.731911421906101,78.32284321191872,-19.48802188301286,21
catalog_832,Rock Track 832,Artist 32,0.9896092692177327,0.848610421437368,0.6928568739698386,0.451464350937407,125.1087555865324,-6.391674719181459,85
catalog_833,Pop Track 833,Artist 33,0.2796480083693612,0.2680700572776674,0.6076387259659862,0.39317262915314266,161.87785678392254,-5.78169605423329,63
catalog_834,R&B Track 834,Artist 34,0.2549279598166082,0.8301807685184903,0.8520552221271072,0.7336757722814939,139.26855692622158,-3.205766842284085,35
catalog_835,Pop Track 835,Artist 35,0.1658479064395787,0.9375490705378403,0.028682815408736517,0.280424355683931,145.83280547480655,-10.75868871952856,31
catalog_836,Pop Track 836,Artist 36,0.9266745367655914,0.17692403320398187,0.2722907370972665,0.04397908587294408,114.17714803217508,-9.737450278627936,17
catalog_837,R&B Track 837,Artist 37,0.8982591441937667,0.33619267694046684,0.7693707258964475,0.5162157322177416,182.40735577148823,-7.374427174811039,86
catalog_838,Country Track 838,Artist 38,0.39520197792524026,0.7186201981734053,0.9853801688129352,0.5683345210971238,112.6108740900224,-8.063790575728698,99
catalog_839,Jazz Track 839,Artist 39,0.5276444032625829,0.25552333778994263,0.2990907955040534,0.8029417312120464,146.27943706323023,-2.340186167933844,19
catalog_840,Pop Track 840,Artist 40,0.1518852082960982,0.9829189289862384,0.142076045073264,0.42464809014763716,119.67820020513264,-16.97689921620148,85
catalog_841,Hip-Hop Track 841,Artist 41,0.8319393809171133,0.17422203897647093,0.1828506041649537,0.9837042572957975,75.78480361626978,-5.773472921159202,83
catalog_842,Electronic Track 842,Artist 42,0.5900124467299325,0.9135867284969739,0.9765563843813659,0.23220381024401526,130.30750554024337,-2.951358752405323,48
catalog_843,Pop Track 843,Artist 43,0.7962570930320598,0.46901263702754714,0.9829789952804282,0.04697742401653793,84.21173074957169,-17.414004545383037,16
catalog_844,Pop Track 844,Artist 44,0.6140909966774059,0.06457133707854634,0.18340581450948934,0.729128333185274,117.26444979066252,-9.387105722098074,49
catalog_845,Pop Track 845,Artist 45,0.6309068202880188,0.7385241585432465,0.8990163658081392,0.13347277680394543,113.0296832303662,-17.628917210682676,9
catalog_846,Pop Track 846,Artist 46,0.9162869523835058,0.3939372718872537,0.873353673450552,0.09600148864464297,89.3164106382394,-8.30874987709201,5
catalog_847,Jazz Track 847,Artist 47,0.45423802022067417,0.9241720256951483,0.4406995618842865,0.8503877363575041,185.9001880156028,-12.352622097966886,36
catalog_848,Rock Track 848,Artist 48,0.8777835768525664,0.22931193679394601,0.24180271265750952,0.20322234545466078,115.14754587024093,-8.055839783568427,63
catalog_849,Classical Track 849,Artist 49,0.8260716823775914,0.43288079232082044,0.33645414318407374,0.49940863702241545,171.86381823226722,-17.65443789980044,33
catalog_850,Rock Track 850,Artist 50,0.336513044496208,0.7067452278583695,0.43497278489017943,0.5921484028190789,188.5947708534875,-7.600602336331546,41
catalog_851,Country Track 851,Artist 51,0.8755592022144817,0.46066994428346986,0.23571775355804514,0.6398270895468284,189.22086173065796,-2.6024036979608702,1
catalog_852,Hip-Hop Track 852,Artist 52,0.7249409149379406,0.7547384809957954,0.2742492831131159,0.8052565757111042,87.68295527437951,-5.592142608535344,22
catalog_853,R&B Track 853,Artist 53,0.9702390808231434,0.6305621056200936,0.03205467693161268,0.3444601487355883,199.4809935731984,-6.759967977435711,82
catalog_854,Classical Track 854,Artist 54,0.4321720799074874,0.8934602806613008,0.21415012366571928,0.7566004429431499,101.21650658939437,-3.9074393503745632,63
catalog_855,Hip-Hop Track 855,Artist 55,0.40584490292982545,0.7004779442660322,0.3467530630403909,0.7728860002193608,116.7322048156817,-18.196537685407886,64
catalog_856,Rock Track 856,Artist 56,0.14462900326177996,0.5199872318941979,0.09700325795311315,0.8122149409673848,164.0632751266892,-0.08207988617702355,31
catalog_857,R&B Track 857,Artist 57,0.8758652176633032,0.9314810295075112,0.4353700182930801,0.06620500930171935,111.83129104177257,-0.7866099703742222,39
catalog_858,Jazz Track 858,Artist 58,0.5708926373222647,0.37417090555160015,0.5886681041951249,0.6616350248272256,146.3316703159691,-0.9162575309609764,0
catalog_859,R&B Track 859,Artist 59,0.9275366329297017,0.4365628040539431,0.18719167746644316,0.1950629924362003,187.67909254315495,-10.5647755574041,97
catalog_860,Jazz Track 860,Artist 60,0.5949650047674562,0.9201936958660367,0.9099094541527746,0.8938271435233229,109.80118824049049,-2.8837142298184624,29
catalog_861,Rock Track 861,Artist 61,0.9338503242374283,0.9913589410585094,0.9392144009271373,0.8701961299755415,70.00605177622339,-2.757271355601574,4
catalog_862,Jazz Track 862,Artist 62,0.0723965818200436,0.36093855095343286,0.3515420168969051,0.7194272558742082,149.70108827607146,-15.043861201570854,44
catalog_863,Classical Track 863,Artist 63,0.6900039295846733,0.6293450463143686,0.4377687861653966,0.6653191882403737,124.84059385127358,-19.25066975844191,48
catalog_864,Hip-Hop Track 864,Artist 64,0.7356505215813748,0.4940284821695813,0.033650394723897525,0.9631798531380054,97.42407232148722,-8.533572987218903,98
catalog_865,Electronic Track 865,Artist 65,0.5739950744948427,0.5618458952152348,0.8766702333760445,0.522998499514015,81.22578195375394,-11.582767757564444,43
catalog_866,Country Track 866,Artist 66,0.40516943644651204,0.6192818296699256,0.4988871694445759,0.6661124752101182,104.73637069108254,-12.482955770002427,50
catalog_867,Classical Track 867,Artist 67,0.1351778033236114,0.06367466639820896,0.8124569030755385,0.6342331001882472,152.57213965936575,-7.588936196881342,52
catalog_868,Electronic Track 868,Artist 68,0.05292132833933616,0.2907961228385534,0.07274003545232599,0.7002185564992348,171.9744564415108,-5.565221606355921,71
catalog_869,Pop Track 869,Artist 69,0.09487672078489984,0.9727798899066363,0.6489169366544646,0.16257054657000014,143.54576053585967,-12.163030112005762,88
catalog_870,Electronic Track 870,Artist 70,0.6192319915360419,0.4147814593502982,0.7816510387727956,0.7493960662688627,84.65819560892967,-5.966041361079865,28
catalog_871,Hip-Hop Track 871,Artist 71,0.5675309584820298,0.2078680995244535,0.3259526105002215,0.5495520479417425,61.72240347095516,-10.9825144157901,67
catalog_872,Electronic Track 872,Artist 72,0.5764615718195458,0.40262313053736876,0.22202175871064844,0.15764087788066505,63.67352898974378,-8.641658598089315,17
catalog_873,Jazz Track 873,Artist 73,0.87353369305262,0.9798112001475956,0.7199891020191138,0.4157502891217494,73.32395455132215,-7.855487603825392,2
catalog_874,Electronic Track 874,Artist 74,0.04106001818998828,0.21124355868831346,0.6852800922793983,0.002697918554603884,72.86784138794624,-6.341290114356186,73
catalog_875,Pop Track 875,Artist 75,0.5038022589080362,0.47264745211699244,0.20321876449964094,0.9634787859313079,181.22872138871224,-11.519895617471505,18
catalog_876,Rock Track 876,Artist 76,0.4146528532866194,0.973309873391474,0.37495520898964374,0.5130392960005258,189.4570697363327,-16.865922085554324,95
catalog_877,Classical Track 877,Artist 77,0.7201945869572397,0.968232528795772,0.9106795352479162,0.3243290793407274,62.98542834492039,-14.068157500668203,28
catalog_878,Country Track 878,Artist 78,0.17629469104339246,0.2208800342494437,0.9079894976244667,0.8099712632987612,125.735212748531,-0.6198344215971403,89
catalog_879,Hip-Hop Track 879,Artist 79,0.14224038923591675,0.24513355739502252,0.4442739648339977,0.738175699472948,114.47907551933565,-18.797172709239053,58
catalog_880,Jazz Track 880,Artist 80,0.7886955312368943,0.4973675288562971,0.40615416955047856,0.5989032158779778,102.73514904773619,-16.78484974880268,6
catalog_881,Rock Track 881,Artist 81,0.6766025272949203,0.34544235155914926,0.4903507159896403,0.7614055111452894,125.02988602317032,-7.365597538755029,55
catalog_882,Rock Track 882,Artist 82,0.2327089777009672,0.27211554370057955,0.9561085295507341,0.9491731061649185,191.14626500119343,-7.433305019484562,39
catalog_883,Jazz Track 883,Artist 83,0.89304358313805,0.36391417448843144,0.3447660237881425,0.44301309954999035,126.4334927377447,-12.254208610541468,55
catalog_884,Pop Track 884,Artist 84,0.8032908439362081,0.451220407584643,0.053100330769566884,0.2204432845566323,156.92316021930117,-19.053327071467837,15
catalog_885,Rock Track 885,Artist 85,0.55916592864302,0.6563720605254252,0.45897901741682123,0.9823457354043452,120.89295647741682,-8.078480824423707,41
catalog_886,Hip-Hop Track 886,Artist 86,0.024084445212415484,0.6472925963413212,0.06550796479080179,0.007781430676550016,116.55831007670423,-15.33466936841069,36
catalog_887,Rock Track 887,Artist 87,0.6020880130658002,0.06733613178438436,0.8463882170679784,0.08367256166160908,81.62376071521516,-7.178205491194715,51
catalog_888,R&B Track 888,Artist 88,0.9956471654338476,0.39669144377441645,0.9550913139774391,0.7348739893250091,72.51736398854425,-15.004422550395129,35
catalog_889,Classical Track 889,Artist 89,0.5780593120811937,0.07403558447936176,0.6658341617051163,0.2635134874638987,162.78688209148248,-14.237935672651004,37
catalog_890,Country Track 890,Artist 90,0.14715867223184653,0.6254457329661496,0.408941699785354,0.49331141733145556,133.66851990767628,-6.922451924209907,47
catalog_891,Pop Track 891,Artist 91,0.04328809180589854,0.507755988597988,0.3342028364106301,0.9493193333429518,96.03971246746364,-14.64423179360504,23
catalog_892,Rock Track 892,Artist 92,0.5161252512098662,0.8743272280659866,0.14667050169881035,0.9108552806263307,106.48506412015197,-14.96063221757949,15
catalog_893,Hip-Hop Track 893,Artist 93,0.0681365146092564,0.0706732066975505,0.5282017785016192,0.3790648319394698,129.97397038860234,-12.791911714455235,71
catalog_894,Jazz Track 894,Artist 94,0.14010047216977917,0.9226450982647647,0.9717724221243514,0.9993198320736683,178.64094911647004,-4.722927315701266,63
catalog_895,Jazz Track 895,Artist 95,0.12557836254980148,0.7302948229288139,0.5344035283220522,0.819671021580112,128.90336955907657,-0.9065263907845207,27
catalog_896,Pop Track 896,Artist 96,0.40761098202113677,0.1592682290898325,0.6586292262887796,0.8332837348908432,192.17190124296377,-7.364272474467189,10
catalog_897,R&B Track 897,Artist 97,0.5921774601285016,0.1679399316512019,0.6631650704001192,0.7477871155474018,136.8384031207914,-1.1075658705780569,4
catalog_898,Jazz Track 898,Artist 98,0.5430644907760389,0.9906364597970123,0.20708698034762452,0.4201598531882309,115.45099875793466,-7.7093026585798725,56
catalog_899,Hip-Hop Track 899,Artist 99,0.44689391118957356,0.7730522396748433,0.818629195164125,0.15765753763021761,81.651003332752,-6.170782309329974,78
catalog_900,Rock Track 900,Artist 0,0.9304632621827096,0.09752360626070378,0.5883648476416642,0.2536077783127785,60.88125332781091,-18.34946249517297,6
catalog_901,Jazz Track 901,Artist 1,0.5584900052483107,0.6334648390393176,0.16588695065874504,0.9149337267301868,111.64890051876812,-13.72089870696049,40
catalog_902,Jazz Track 902,Artist 2,0.8857350321785441,0.9332244902809068,0.9050094249874194,0.1569480644933564,101.86797922097972,-12.527102737082652,63
catalog_903,Country Track 903,Artist 3,0.9436133753125392,0.6219951960604235,0.08451137205094716,0.04826347120388064,62.58533352567558,-18.588481415360196,59
catalog_904,Jazz Track 904,Artist 4,0.0011662157433128817,0.18817663285601494,0.07001590570140892,0.6675368647430447,98.77440243458035,-16.579987539723373,55
catalog_905,Rock Track 905,Artist 5,0.6467615870921116,0.8152953016438301,0.07689357956533227,0.8330760848534461,92.31148094160818,-16.065666323340547,56
catalog_906,Rock Track 906,Artist 6,0.49068941402395505,0.8688119937119784,0.9283108447721772,0.21977676237981703,63.178660359286035,-19.82105441509328,87
catalog_907,Electronic Track 907,Artist 7,0.9022434582294004,0.7841652070951776,0.7724340612576114,0.09713226310590872,143.94463395730827,-19.44954310741253,26
catalog_908,Hip-Hop Track 908,Artist 8,0.8823890933671696,0.5484367957098379,0.17251026629647537,0.8372854326030369,145.8722711823351,-6.836521266051378,34
catalog_909,Electronic Track 909,Artist 9,0.3048474301637569,0.8976524195759454,0.36913762433527053,0.8722595145267498,150.7888827985519,-6.357423374103357,99
catalog_910,Rock Track 910,Artist 10,0.6602397452188322,0.542273428492171,0.21935087637487005,0.5191205445833132,72.12350222150604,-13.03109433990884,27
catalog_911,Electronic Track 911,Artist 11,0.6412152467049879,0.4261255256816191,0.3359404631105468,0.6572933388519188,118.13087400431287,-8.266185897169576,54
catalog_912,Pop Track 912,Artist 12,0.504433364269664,0.529730902169902,0.7555936391313389,0.6491606476062604,156.33772997641287,-10.141169253255875,13
catalog_913,Electronic Track 913,Artist 13,0.6311080904678942,0.040257088286773435,0.4353418981981151,0.765941375980295,159.23826993629507,-6.14732030230401,4
catalog_914,Pop Track 914,Artist 14,0.16547244418957374,0.9319598729263068,0.24903485351023713,0.8767772704175281,86.54670611080272,-18.918179199934,64
catalog_915,R&B Track 915,Artist 15,0.5678338954267133,0.3241940225002157,0.9746636919555524,0.3473237929711058,96.98265425519578,-8.916367574192938,54
catalog_916,Jazz Track 916,Artist 16,0.2260484997400155,0.8728001153788677,0.3689354512472286,0.4454912498396687,174.3641036547571,-16.1238903648346,88
catalog_917,Electronic Track 917,Artist 17,0.8075502479228881,0.8790089915881832,0.30332523496981245,0.8634449325017483,81.62610660590761,-2.9045898428738894,10
catalog_918,Rock Track 918,Artist 18,0.016429296453617237,0.47787727148801584,0.7475661052469347,0.993077943984509,120.54097167073886,-15.762114744859922,72
catalog_919,Country Track 919,Artist 19,0.3034841397161847,0.59260544410438,0.9451480962826382,0.7198323613648373,188.8865906518162,-3.5850136224492175,6
catalog_920,Electronic Track 920,Artist 20,0.1705376847064598,0.9890592665906018,0.6966646461127082,0.9413101304929465,127.30773934868883,-3.0790414851404044,47
catalog_921,Pop Track 921,Artist 21,0.6461718270725915,0.2783969775936803,0.5895835518302804,0.659386789023957,160.15715404919575,-16.787315357609327,46
catalog_922,Electronic Track 922,Artist 22,0.3628580310150167,0.4760784165579396,0.20124469188631566,0.10402325281632352,173.47437046655884,-2.037123635287603,64
catalog_923,Electronic Track 923,Artist 23,0.015963756997916634,0.4159969585585125,0.468817048194513,0.6841124102673112,153.7329782122586,-11.625573649112857,58
catalog_924,Rock Track 924,Artist 24,0.13938508616272693,0.9020630958904325,0.4556730337075906,0.1902540354439276,80.10220523753694,-1.1209034451402147,31
catalog_925,Hip-Hop Track 925,Artist 25,0.8806220502946669,0.43215547851167346,0.8096931887455323,0.18160528267843024,130.86552120880773,-4.960031788432618,44
catalog_926,Classical Track 926,Artist 26,0.11350214951240023,0.6183178986738174,0.20212325990186975,0.2591351789833667,173.4203426760971,-0.5141062833373198,47
catalog_927,Electronic Track 927,Artist 27,0.6920761406677456,0.7642801191020794,0.8022578634964482,0.5240156043884007,85.8638165911386,-11.48138498618123,79
catalog_928,Country Track 928,Artist 28,0.2708166778923794,0.4052503657616431,0.6081863567649576,0.1345678725318593,132.7245310262768,-11.28751521893462,82
catalog_929,R&B Track 929,Artist 29,0.3763085251450736,0.3957078528787168,0.4208093276549755,0.9223393657495997,104.52823011867129,-19.048247035365204,60
catalog_930,Jazz Track 930,Artist 30,0.1601938930431973,0.10747874795362766,0.7447687351226154,0.8605394516361429,101.77093835456985,-18.091393899201456,8
catalog_931,Country Track 931,Artist 31,0.5852202839346642,0.41720000064074314,0.9430460310516129,0.8558581818459702,75.3923877397643,-18.903087433917754,51
catalog_932,Pop Track 932,Artist 32,0.42407818880606973,0.1105981811195409,0.5440389177401929,0.14891583368520223,151.57927827950556,-6.920426603177594,54
catalog_933,R&B Track 933,Artist 33,0.6673326838641115,0.553010254587453,0.03968898358468986,0.03265574078704658,190.18959118809835,-13.99864902122066,82
catalog_934,Country Track 934,Artist 34,0.7904418720470948,0.7310938119839157,0.1872609062587237,0.42502931773360164,159.0938183761716,-4.92632556752357,34
catalog_935,Pop Track 935,Artist 35,0.684078699299968,0.9151427987120463,0.6587593359666305,0.9001602972075369,103.1613368804968,-17.22306899488714,42
catalog_936,Classical Track 936,Artist 36,0.8000412388624534,0.3717231929639001,0.4632637659437696,0.6636270952798565,165.99060536551917,-18.20889082626487,34
catalog_937,Country Track 937,Artist 37,0.13901566750829764,0.6763347610763011,0.7134038127643636,0.8505714272937871,98.95690325826988,-12.529238801931,98
catalog_938,Rock Track 938,Artist 38,0.8031963466593329,0.026635859062125067,0.7501230809490131,0.543973637014711,140.9413903048277,-4.486242840835272,58
catalog_939,Hip-Hop Track 939,Artist 39,0.7860047342421546,0.09775967463396862,0.7351604304652525,0.4046112169372613,75.13951419319119,-7.594087771886564,26
catalog_940,R&B Track 940,Artist 40,0.734122828772012,0.9944984319270912,0.025053451771372637,0.7172767282716768,64.31511646482981,-0.9819909503129622,17
catalog_941,Classical Track 941,Artist 41,0.15011672677707155,0.6820001051378092,0.5238998888861562,0.9910674249093555,111.83274854489417,-15.227678025342904,3
catalog_942,Jazz Track 942,Artist 42,0.2876374725441011,0.5300291503713334,0.03246880038608768,0.49198667979867217,195.1094356847832,-0.9268541142788145,44
catalog_943,R&B Track 943,Artist 43,0.8388354982369537,0.055592771377594996,0.5876034409098118,0.37746210229330945,84.47547853069906,-10.115970568941977,15
catalog_944,Country Track 944,Artist 44,0.76627542159228,0.4332442426284039,0.8647755533630032,0.8514445150266661,130.75483237481427,-7.239720642491145,34
catalog_945,Hip-Hop Track 945,Artist 45,0.6914861612466108,0.3907147370187144,0.8231617390037006,0.12015522496123843,81.88055878790031,-2.947205038005553,81
catalog_946,Country Track 946,Artist 46,0.559979509999865,0.3563266996362936,0.7766207071517438,0.7778617961954056,74.75941176673375,-17.15744516765588,49
catalog_947,Hip-Hop Track 947,Artist 47,0.17963110367139457,0.19489116231159498,0.6153490331993374,0.9766190323920738,63.74653063935682,-13.882160800023271,76
catalog_948,Pop Track 948,Artist 48,0.5068858014531024,0.8218371348326617,0.8510592838319873,0.11263531625934997,113.09166692302043,-10.038064916451638,61
catalog_949,R&B Track 949,Artist 49,0.492199945013689,0.24385060666041924,0.4820569926081485,0.8759152615658115,185.57729846144173,-1.940859622069329,70
catalog_950,Pop Track 950,Artist 50,0.3516646541891635,0.20118204552482222,0.8070578322585028,0.36027552326659196,84.54273788668552,-5.257593096912043,88
catalog_951,Country Track 951,Artist 51,0.616850324969485,0.07555329653490961,0.773533390934285,0.06277885491202273,178.7454555120192,-14.99131105050622,17
catalog_952,Hip-Hop Track 952,Artist 52,0.01891044820008514,0.16875785117829123,0.7549639507951249,0.8435374395290918,154.28267058961077,-5.203775128187818,96
catalog_953,R&B Track 953,Artist 53,0.38957960408365366,0.9766550914087927,0.35156356020691515,0.893884131278895,195.13478931437228,-9.97867343514101,89
catalog_954,Classical Track 954,Artist 54,0.044903654229160095,0.9295343246231451,0.025837133560853598,0.8834834103480317,118.32947084584148,-2.168802935421109,10
catalog_955,Electronic Track 955,Artist 55,0.9960217458856013,0.6871511424631406,0.03344151446200705,0.8765142180229544,148.04633982904025,-19.698957760794833,22
catalog_956,R&B Track 956,Artist 56,0.13249548849714654,0.05437766895995644,0.6380256786931082,0.6471036533752551,183.6282076612832,-11.98563681237411,34
catalog_957,Classical Track 957,Artist 57,0.07052526901441292,0.7976658520695585,0.9636505671892638,0.22235241149591056,89.6169749029464,-15.840275197876574,46
catalog_958,Rock Track 958,Artist 58,0.012068717582165878,0.09368988207197693,0.48730718386831084,0.31901934462646275,148.88572460056787,-2.592088399992548,92
catalog_959,Electronic Track 959,Artist 59,0.1509774957738539,0.24553493665949255,0.4200230796543396,0.8183658731746156,67.70142679551437,-3.329180053096394,6
catalog_960,Rock Track 960,Artist 60,0.32612166242070983,0.17183111935135842,0.8511039402639592,0.264660443965136,136.82925324293274,-11.629419510759229,24
catalog_961,Pop Track 961,Artist 61,0.4396734817344806,0.17933215515065393,0.1276886806591857,0.909617762906588,80.0365238490472,-4.547763509455706,36
catalog_962,Rock Track 962,Artist 62,0.5201347494995748,0.06158373734743705,0.7941262702164456,0.46442197098859583,160.67733228665685,-9.747285444044369,60
catalog_963,Classical Track 963,Artist 63,0.6539527677094491,0.3620551842208274,0.022909178862526747,0.14230832748361166,90.12062159388333,-10.457071939398979,52
catalog_964,Country Track 964,Artist 64,0.2357640732123295,0.38710323846326244,0.1416521654483548,0.5482039637631284,182.89711983606688,-6.338434575935752,85
catalog_965,Electronic Track 965,Artist 65,0.46956567069085253,0.12678818404197634,0.35617686791271064,0.0881295823063527,120.8701032343468,-6.80916924655396,39
catalog_966,Jazz Track 966,Artist 66,0.8849098513087227,0.9147420925207743,0.7637563732601756,0.007032369646509329,144.50124157821304,-1.2791005144019074,0
catalog_967,Hip-Hop Track 967,Artist 67,0.6640975414418511,0.27704887790983024,0.7989275884964525,0.18355850609582858,63.439298664361885,-9.833309423298228,37
catalog_968,Electronic Track 968,Artist 68,0.8575592777870168,0.6455678334203206,0.9428274519242305,0.23703152165504615,176.57663331803684,-16.44089349162803,21
catalog_969,Country Track 969,Artist 69,0.7881216147783326,0.35019116725198174,0.5343376314345618,0.20385161943932384,165.55841771603855,-5.409390985907866,28
catalog_970,Hip-Hop Track 970,Artist 70,0.9685469380688532,0.8321020508801446,0.6239440276881095,0.7380296790017832,199.50161581026336,-11.587839036097268,0
catalog_971,Jazz Track 971,Artist 71,0.23872778639281,0.3104200291151804,0.3602743340002006,0.5923957083974598,126.61466185029876,-1.2247655357893166,17
catalog_972,R&B Track 972,Artist 72,0.021979427989492706,0.6039695617149442,0.0811337663830135,0.9788720460065965,98.02337556028522,-3.286936655906324,89
catalog_973,Hip-Hop Track 973,Artist 73,0.6409098417007769,0.5962659119923226,0.2441665655802926,0.8263170664691942,108.90077864496271,-5.430596371649305,95
catalog_974,Electronic Track 974,Artist 74,0.06552385311789011,0.40864113213555264,0.8352925291419745,0.9790867875062995,92.01380304793176,-5.477067684366778,75
catalog_975,Hip-Hop Track 975,Artist 75,0.2338354251999064,0.273828567562998,0.06922106149640805,0.19997274516899854,188.31714116956087,-10.294025559992528,44
catalog_976,Pop Track 976,Artist 76,0.26565077516315094,0.5013735813192491,0.0526055680029911,0.7154868473073168,78.63365090789735,-18.81589700226172,7
catalog_977,Jazz Track 977,Artist 77,0.1921620997022413,0.1807163589352716,0.18687448677569474,0.0006532514819005408,117.5145072285519,-1.4784398731492772,10
catalog_978,Electronic Track 978,Artist 78,0.6934533694454773,0.9920544899066618,0.38558812861746306,0.6307113545088765,111.33463423607792,-19.957342674509796,3
catalog_979,Hip-Hop Track 979,Artist 79,0.07562390081997894,0.5865174961381625,0.8985288792325502,0.1041743370514594,151.47654978896634,-4.643232796281637,79
catalog_980,R&B Track 980,Artist 80,0.01731032575619218,0.7923894679751338,0.3375698271998452,0.8367201126287735,132.48901579210417,-18.00437076111531,23
catalog_981,Pop Track 981,Artist 81,0.577714446854451,0.2845022958736735,0.1290713771590728,0.6678649360849571,147.12749570887047,-8.781170023715731,72
catalog_982,Rock Track 982,Artist 82,0.6944982684475768,0.9005500524830164,0.43937715533109134,0.705814704990264,90.36896974057937,-11.606233670085974,29
catalog_983,Electronic Track 983,Artist 83,0.614143347283735,0.9917419077748542,0.9694480969498366,0.010291227976289896,198.63021866325266,-7.110739596746551,21
catalog_984,Rock Track 984,Artist 84,0.39452024872493185,0.7407279328128133,0.8926369028456945,0.4525066712990511,112.81834849271858,-17.04612200490361,27
catalog_985,Hip-Hop Track 985,Artist 85,0.9584115046426697,0.8650969907270665,0.22712504620270368,0.6796727326137896,112.68320267510171,-1.4121007176063713,10
catalog_986,R&B Track 986,Artist 86,0.055420288434404164,0.9572105243672739,0.28923038734984174,0.9471159116187678,171.82882676404986,-18.175984312756782,97
catalog_987,Country Track 987,Artist 87,0.59892529649209,0.14765670856343738,0.5994130089170835,0.6399821793294308,156.5060473164069,-5.263578319529721,21
catalog_988,Rock Track 988,Artist 88,0.6647080880017103,0.5873880967672397,0.16932873284814742,0.8456687522857091,68.45552610715076,-2.9292495437951516,56
catalog_989,Electronic Track 989,Artist 89,0.9016811097489534,0.3150842236726563,0.8088981119403704,0.9919317892030467,110.18266647250313,-5.1298714301356405,10
catalog_990,Pop Track 990,Artist 90,0.31895311941346394,0.1961684525689502,0.30022481056114647,0.14119466122463908,126.89397518140987,-10.699891209836034,57
catalog_991,Jazz Track 991,Artist 91,0.4988883032447373,0.38123478424106616,0.5572559253175989,0.49279094006485413,186.80132308588037,-16.845058718335984,46
catalog_992,Jazz Track 992,Artist 92,0.40426806094109324,0.6150164797726602,0.49924321415150263,0.8757892607760352,77.6690369062999,-5.683798827816197,66
catalog_993,Jazz Track 993,Artist 93,0.2664295691375186,0.3869399210250525,0.8536676173366665,0.624615630003621,99.17514883669874,-11.540942906830889,12
catalog_994,Hip-Hop Track 994,Artist 94,0.6304583599229415,0.4361174698816309,0.42299440860512516,0.7586702061330177,186.940133347183,-12.031488395324978,25
catalog_995,Jazz Track 995,Artist 95,0.7850345220134589,0.47425079407486004,0.20539764312972886,0.8547271129042927,127.211658288764,-9.025334545269846,11
catalog_996,Jazz Track 996,Artist 96,0.891679953962326,0.5250224594285727,0.008631953682913918,0.4251506348582351,100.2433375361112,-15.597864362616763,97
catalog_997,Electronic Track 997,Artist 97,0.5653401871069654,0.3893180248006445,0.5127898181380367,0.12539660421651722,175.27179106267292,-12.301755237353465,90
catalog_998,Jazz Track 998,Artist 98,0.4470138817450835,0.7369285339791134,0.12501232535706708,0.2336812865943929,181.99228982238378,-8.860702238615175,92
catalog_999,Jazz Track 999,Artist 99,0.9484421079410571,0.42441183465884535,0.6438421947569732,0.36554710935676893,106.01031651969282,-11.34100037167622,42
